"country","simulation","group","points","goals_scored","goals_taken","diff_goals","rank"
"Croatia",1,1,7,3,1,2,1
"Norway",1,1,4,5,4,1,2
"Uzbekistan",1,1,4,5,4,1,3
"Mexico",1,2,6,5,3,2,1
"Morocco",1,2,4,4,3,1,2
"Austria",1,2,4,1,1,0,3
"Canada",1,3,7,5,1,4,1
"Scotland",1,3,5,4,2,2,2
"South Africa",1,4,7,6,3,3,1
"Belgium",1,4,4,3,3,0,2
"Jamaica",1,4,3,3,3,0,3
"Colombia",1,5,6,2,1,1,1
"Nigeria",1,5,5,4,3,1,2
"Costa Rica",1,6,7,3,1,2,1
"Iran",1,6,4,6,4,2,2
"France",1,6,3,2,2,0,3
"Australia",1,7,5,6,3,3,1
"Denmark",1,7,5,3,2,1,2
"Portugal",1,7,3,2,2,0,3
"Korea Republic",1,8,5,3,1,2,1
"Ghana",1,8,4,4,4,0,2
"Argentina",1,8,4,3,4,-1,3
"Poland",1,9,6,6,3,3,1
"Jordan",1,9,6,5,2,3,2
"Egypt",1,9,4,3,5,-2,3
"Qatar",1,10,9,4,1,3,1
"Algeria",1,10,6,4,2,2,2
"Saudi Arabia",1,11,7,7,3,4,1
"Italy",1,11,7,6,2,4,2
"Cameroon",1,12,7,3,1,2,1
"Spain",1,12,6,4,2,2,2
"Japan",1,12,4,4,5,-1,3
"United States",2,1,7,7,4,3,1
"Netherlands",2,1,4,2,3,-1,2
"Iran",2,1,3,4,4,0,3
"Scotland",2,2,9,5,1,4,1
"Mexico",2,2,6,4,3,1,2
"New Zealand",2,3,9,5,1,4,1
"Algeria",2,3,3,3,4,-1,2
"Jamaica",2,4,7,6,3,3,1
"Senegal",2,4,5,6,5,1,2
"Jordan",2,4,4,6,6,0,3
"England",2,5,9,7,3,4,1
"Japan",2,5,4,3,3,0,2
"Colombia",2,5,3,4,4,0,3
"Uzbekistan",2,6,6,7,2,5,1
"Egypt",2,6,4,3,2,1,2
"Denmark",2,6,4,2,5,-3,3
"Costa Rica",2,7,7,5,2,3,1
"Nigeria",2,7,4,5,4,1,2
"Uruguay",2,7,4,3,3,0,3
"Qatar",2,8,7,6,4,2,1
"Portugal",2,8,4,6,6,0,2
"Australia",2,9,5,3,2,1,1
"Spain",2,9,4,3,3,0,2
"Ghana",2,9,3,2,2,0,3
"Italy",2,10,7,8,5,3,1
"Switzerland",2,10,4,6,4,2,2
"South Africa",2,10,4,3,4,-1,3
"Korea Republic",2,11,7,6,3,3,1
"Panama",2,11,4,6,3,3,2
"France",2,11,4,4,5,-1,3
"Haiti",2,12,7,4,1,3,1
"Norway",2,12,4,2,2,0,2
"New Zealand",3,1,7,5,1,4,1
"Poland",3,1,4,2,2,0,2
"Austria",3,2,7,5,1,4,1
"Mexico",3,2,4,4,5,-1,2
"Jordan",3,2,3,4,4,0,3
"Colombia",3,3,6,4,3,1,1
"Canada",3,3,5,4,3,1,2
"Egypt",3,3,4,4,4,0,3
"Cameroon",3,4,9,6,0,6,1
"Jamaica",3,4,4,2,3,-1,2
"Korea Republic",3,5,9,6,2,4,1
"Tunisia",3,5,4,3,2,1,2
"Portugal",3,5,4,3,3,0,3
"Qatar",3,6,6,5,4,1,1
"Norway",3,6,4,4,3,1,2
"Chile",3,6,4,4,4,0,3
"Algeria",3,7,7,8,2,6,1
"Switzerland",3,7,4,5,5,0,2
"Uruguay",3,7,4,3,7,-4,3
"Ghana",3,8,9,5,1,4,1
"Iran",3,8,4,2,3,-1,2
"Spain",3,9,4,3,2,1,1
"Uzbekistan",3,9,4,3,3,0,2
"Germany",3,9,4,3,4,-1,3
"Haiti",3,10,9,4,1,3,1
"Morocco",3,10,4,6,2,4,2
"Argentina",3,11,6,6,4,2,1
"Australia",3,11,5,4,3,1,2
"Netherlands",3,11,4,5,5,0,3
"Costa Rica",3,12,9,6,2,4,1
"France",3,12,4,4,4,0,2
"Paraguay",3,12,3,7,5,2,3
"Cameroon",4,1,7,5,2,3,1
"Norway",4,1,7,5,2,3,2
"Mexico",4,2,9,8,1,7,1
"Jordan",4,2,4,5,6,-1,2
"Ecuador",4,3,7,5,3,2,1
"Canada",4,3,6,3,2,1,2
"Croatia",4,3,3,4,4,0,3
"Haiti",4,4,6,8,4,4,1
"Korea Republic",4,4,6,4,2,2,2
"Netherlands",4,4,4,3,6,-3,3
"Scotland",4,5,6,7,2,5,1
"England",4,5,6,3,2,1,2
"Panama",4,5,4,4,4,0,3
"Qatar",4,6,9,6,3,3,1
"Brazil",4,6,6,5,4,1,2
"Austria",4,6,3,3,3,0,3
"Ghana",4,7,9,9,1,8,1
"Australia",4,7,4,4,9,-5,2
"Jamaica",4,8,7,8,3,5,1
"Colombia",4,8,5,3,2,1,2
"South Africa",4,8,4,2,3,-1,3
"New Zealand",4,9,9,7,0,7,1
"Iran",4,9,6,4,2,2,2
"Portugal",4,10,6,5,3,2,1
"Japan",4,10,5,3,2,1,2
"Costa Rica",4,10,4,2,2,0,3
"Uzbekistan",4,11,7,5,2,3,1
"Morocco",4,11,4,3,2,1,2
"Belgium",4,11,4,3,4,-1,3
"Egypt",4,12,5,3,2,1,1
"Argentina",4,12,4,6,5,1,2
"Germany",4,12,4,5,5,0,3
"Switzerland",5,1,5,3,2,1,1
"Ghana",5,1,5,2,1,1,2
"Australia",5,1,4,4,3,1,3
"Norway",5,2,7,5,3,2,1
"Mexico",5,2,4,6,4,2,2
"Jordan",5,2,3,7,9,-2,3
"Qatar",5,3,9,4,0,4,1
"Canada",5,3,4,2,3,-1,2
"Brazil",5,4,9,5,1,4,1
"Costa Rica",5,4,3,3,4,-1,2
"Costa Rica",5,4,3,3,4,-1,3
"New Zealand",5,5,9,6,1,5,1
"Denmark",5,5,4,2,2,0,2
"Korea Republic",5,6,6,9,4,5,1
"Haiti",5,6,6,5,5,0,2
"Argentina",5,6,3,3,4,-1,3
"South Africa",5,7,9,6,2,4,1
"Poland",5,7,6,8,6,2,2
"Jamaica",5,7,3,7,6,1,3
"Panama",5,8,9,7,2,5,1
"Chile",5,8,4,2,4,-2,2
"Paraguay",5,9,9,6,1,5,1
"France",5,9,6,4,3,1,2
"Colombia",5,10,6,4,3,1,1
"Scotland",5,10,6,4,3,1,2
"Spain",5,10,3,2,3,-1,3
"Morocco",5,11,6,5,5,0,1
"Saudi Arabia",5,11,4,5,5,0,2
"Austria",5,11,4,3,4,-1,3
"Germany",5,12,9,9,2,7,1
"Algeria",5,12,4,5,4,1,2
"Italy",5,12,4,3,4,-1,3
"South Africa",6,1,7,10,3,7,1
"United States",6,1,5,9,6,3,2
"Tunisia",6,2,7,4,2,2,1
"Australia",6,2,4,4,4,0,2
"Mexico",6,2,3,5,6,-1,3
"Colombia",6,3,6,5,4,1,1
"Canada",6,3,4,3,3,0,2
"Japan",6,3,4,3,3,0,3
"Scotland",6,4,9,4,0,4,1
"Haiti",6,4,4,1,1,0,2
"Haiti",6,4,4,1,1,0,3
"Argentina",6,5,6,6,5,1,1
"Germany",6,5,4,4,3,1,2
"Costa Rica",6,5,4,2,2,0,3
"Jamaica",6,6,7,7,3,4,1
"Qatar",6,6,6,4,2,2,2
"Senegal",6,6,4,4,4,0,3
"Norway",6,7,6,6,4,2,1
"Austria",6,7,6,5,3,2,2
"Ghana",6,7,3,2,3,-1,3
"Saudi Arabia",6,8,9,6,2,4,1
"Egypt",6,8,4,4,3,1,2
"Cameroon",6,9,9,7,1,6,1
"Korea Republic",6,9,4,2,4,-2,2
"Chile",6,10,6,5,4,1,1
"Jordan",6,10,5,4,2,2,2
"Belgium",6,10,4,3,3,0,3
"Paraguay",6,11,7,3,1,2,1
"Panama",6,11,5,4,3,1,2
"Uzbekistan",6,12,6,4,3,1,1
"Poland",6,12,4,4,4,0,2
"Portugal",6,12,4,2,2,0,3
"United States",7,1,7,4,1,3,1
"Scotland",7,1,4,4,3,1,2
"Jordan",7,1,3,2,2,0,3
"Iran",7,2,5,2,0,2,1
"Ecuador",7,2,5,3,2,1,2
"Canada",7,3,7,5,3,2,1
"Croatia",7,3,6,6,5,1,2
"Ghana",7,3,2,3,4,-1,3
"Jamaica",7,4,9,7,0,7,1
"Tunisia",7,4,4,4,3,1,2
"Switzerland",7,5,7,7,4,3,1
"Nigeria",7,5,6,6,5,1,2
"Panama",7,5,2,3,4,-1,3
"Colombia",7,6,7,6,2,4,1
"Morocco",7,6,4,4,2,2,2
"Haiti",7,6,3,2,2,0,3
"Australia",7,7,7,6,3,3,1
"Cameroon",7,7,7,6,4,2,2
"South Africa",7,8,6,7,2,5,1
"Norway",7,8,6,5,3,2,2
"Chile",7,8,3,2,4,-2,3
"New Zealand",7,9,9,6,3,3,1
"Wales",7,9,6,6,3,3,2
"Austria",7,10,9,4,1,3,1
"Paraguay",7,10,3,9,7,2,2
"Qatar",7,10,3,5,7,-2,3
"Egypt",7,11,7,10,2,8,1
"Denmark",7,11,4,4,6,-2,2
"Spain",7,11,4,3,5,-2,3
"Uzbekistan",7,12,7,10,4,6,1
"Algeria",7,12,4,3,5,-2,2
"Germany",7,12,3,5,5,0,3
"United States",8,1,5,6,2,4,1
"Morocco",8,1,5,4,2,2,2
"Norway",8,2,5,2,1,1,1
"Saudi Arabia",8,2,3,2,2,0,2
"Mexico",8,2,3,1,1,0,3
"Canada",8,3,7,7,3,4,1
"Uzbekistan",8,3,5,6,3,3,2
"Iran",8,4,7,7,3,4,1
"Senegal",8,4,6,7,4,3,2
"Ecuador",8,4,4,4,5,-1,3
"Chile",8,5,7,5,1,4,1
"Egypt",8,5,4,3,3,0,2
"France",8,5,4,4,6,-2,3
"Japan",8,6,7,6,4,2,1
"Cameroon",8,6,6,2,1,1,2
"Netherlands",8,6,3,5,5,0,3
"Panama",8,7,7,10,6,4,1
"Tunisia",8,7,6,10,4,6,2
"Poland",8,8,9,9,1,8,1
"Brazil",8,8,4,4,5,-1,2
"Algeria",8,9,9,6,2,4,1
"England",8,9,4,2,2,0,2
"New Zealand",8,9,3,3,4,-1,3
"South Africa",8,10,7,6,2,4,1
"Argentina",8,10,4,4,5,-1,2
"Austria",8,10,3,3,3,0,3
"Germany",8,11,7,4,1,3,1
"Haiti",8,11,6,4,3,1,2
"Uruguay",8,11,4,2,2,0,3
"Switzerland",8,12,7,4,1,3,1
"Jordan",8,12,4,3,3,0,2
"Italy",8,12,3,2,3,-1,3
"Egypt",9,1,7,3,1,2,1
"Uzbekistan",9,1,5,3,1,2,2
"United States",9,1,3,4,6,-2,3
"Poland",9,2,7,8,4,4,1
"Saudi Arabia",9,2,7,7,3,4,2
"Cameroon",9,3,6,5,3,2,1
"Australia",9,3,5,3,2,1,2
"South Africa",9,4,7,6,3,3,1
"Jamaica",9,4,5,4,2,2,2
"Iran",9,5,5,5,4,1,1
"Italy",9,5,3,4,4,0,2
"Wales",9,5,3,4,4,0,3
"Uruguay",9,6,7,3,1,2,1
"Korea Republic",9,6,4,3,3,0,2
"Haiti",9,6,3,3,3,0,3
"Spain",9,7,7,4,2,2,1
"Ecuador",9,7,3,4,4,0,2
"Jordan",9,8,6,7,3,4,1
"Norway",9,8,6,6,4,2,2
"Brazil",9,8,3,4,5,-1,3
"Ghana",9,9,6,5,3,2,1
"Portugal",9,9,4,6,3,3,2
"Colombia",9,9,4,3,3,0,3
"Tunisia",9,10,6,5,2,3,1
"Qatar",9,10,6,5,4,1,2
"Paraguay",9,10,4,3,3,0,3
"Chile",9,11,7,4,2,2,1
"Belgium",9,11,6,4,3,1,2
"Costa Rica",9,11,3,4,4,0,3
"Morocco",9,12,5,8,3,5,1
"New Zealand",9,12,5,5,2,3,2
"Germany",9,12,4,3,4,-1,3
"Cameroon",10,1,9,7,2,5,1
"Chile",10,1,4,3,5,-2,2
"Scotland",10,2,9,4,0,4,1
"Uzbekistan",10,2,4,3,3,0,2
"Poland",10,2,4,4,5,-1,3
"Canada",10,3,9,4,1,3,1
"Austria",10,3,4,2,2,0,2
"Ghana",10,3,3,2,2,0,3
"Denmark",10,4,6,3,3,0,1
"Argentina",10,4,4,2,1,1,2
"Panama",10,4,4,2,1,1,3
"Korea Republic",10,5,6,4,2,2,1
"Netherlands",10,5,6,4,3,1,2
"Ecuador",10,5,4,3,3,0,3
"New Zealand",10,6,7,5,2,3,1
"Jamaica",10,6,3,4,4,0,2
"Qatar",10,7,7,10,3,7,1
"Tunisia",10,7,4,3,2,1,2
"Italy",10,7,4,4,7,-3,3
"Algeria",10,8,7,6,3,3,1
"Saudi Arabia",10,8,4,4,3,1,2
"Germany",10,9,5,4,3,1,1
"England",10,9,5,3,2,1,2
"Costa Rica",10,9,3,4,3,1,3
"Egypt",10,10,7,4,1,3,1
"Croatia",10,10,5,3,1,2,2
"Jordan",10,10,4,2,3,-1,3
"Norway",10,11,9,7,1,6,1
"Haiti",10,11,4,3,4,-1,2
"Brazil",10,11,4,2,3,-1,3
"Spain",10,12,9,5,1,4,1
"South Africa",10,12,6,7,5,2,2
"United States",11,1,7,7,4,3,1
"Croatia",11,1,4,6,4,2,2
"Mexico",11,2,9,6,3,3,1
"Scotland",11,2,3,5,6,-1,2
"Colombia",11,2,3,3,4,-1,3
"New Zealand",11,3,7,6,3,3,1
"Tunisia",11,3,5,2,1,1,2
"Saudi Arabia",11,4,7,4,1,3,1
"Denmark",11,4,5,3,2,1,2
"Wales",11,5,5,4,3,1,1
"Uruguay",11,5,4,8,5,3,2
"Morocco",11,5,4,4,6,-2,3
"Japan",11,6,6,5,5,0,1
"Cameroon",11,6,5,4,1,3,2
"Ecuador",11,7,9,6,2,4,1
"Norway",11,7,4,4,5,-1,2
"Poland",11,7,2,3,4,-1,3
"Paraguay",11,8,7,6,4,2,1
"Switzerland",11,8,5,3,2,1,2
"Costa Rica",11,8,3,2,2,0,3
"Austria",11,9,7,4,2,2,1
"Portugal",11,9,6,5,4,1,2
"Ghana",11,9,3,2,3,-1,3
"Jordan",11,10,7,5,1,4,1
"Senegal",11,10,6,3,2,1,2
"Jamaica",11,10,4,2,3,-1,3
"Spain",11,11,7,4,2,2,1
"Netherlands",11,11,5,4,2,2,2
"Panama",11,11,4,4,2,2,3
"Haiti",11,12,7,9,3,6,1
"Algeria",11,12,6,5,5,0,2
"Germany",11,12,3,6,7,-1,3
"United States",12,1,6,3,2,1,1
"Ghana",12,1,4,2,2,0,2
"Ghana",12,1,4,2,2,0,3
"Mexico",12,2,5,5,4,1,1
"Denmark",12,2,3,3,3,0,2
"Canada",12,3,7,4,2,2,1
"Switzerland",12,3,6,5,2,3,2
"Uzbekistan",12,4,6,5,2,3,1
"Jamaica",12,4,4,4,2,2,2
"Portugal",12,4,4,3,5,-2,3
"Costa Rica",12,5,7,5,3,2,1
"Belgium",12,5,4,4,5,-1,2
"Tunisia",12,5,3,6,6,0,3
"Morocco",12,6,6,4,2,2,1
"Argentina",12,6,4,3,2,1,2
"Panama",12,6,4,5,5,0,3
"Iran",12,7,5,5,2,3,1
"Haiti",12,7,5,1,0,1,2
"Senegal",12,7,3,3,3,0,3
"Wales",12,8,6,3,2,1,1
"Uruguay",12,8,4,3,2,1,2
"Egypt",12,8,4,2,3,-1,3
"Norway",12,9,4,6,5,1,1
"Germany",12,9,4,4,4,0,2
"Cameroon",12,9,4,5,6,-1,3
"Saudi Arabia",12,10,9,6,1,5,1
"Colombia",12,10,4,4,5,-1,2
"England",12,11,7,7,2,5,1
"Austria",12,11,6,4,4,0,2
"South Africa",12,11,4,4,4,0,3
"Italy",12,12,5,4,3,1,1
"Scotland",12,12,4,7,3,4,2
"New Zealand",13,1,6,9,4,5,1
"Norway",13,1,6,5,4,1,2
"Poland",13,1,6,3,3,0,3
"Croatia",13,2,9,7,4,3,1
"Mexico",13,2,6,4,3,1,2
"Scotland",13,3,7,7,4,3,1
"Wales",13,3,5,5,3,2,2
"Saudi Arabia",13,3,4,5,5,0,3
"Panama",13,4,5,5,2,3,1
"Algeria",13,4,5,2,1,1,2
"Australia",13,5,7,4,2,2,1
"Haiti",13,5,6,6,4,2,2
"Senegal",13,5,3,4,4,0,3
"Cameroon",13,6,7,6,2,4,1
"Portugal",13,6,6,5,5,0,2
"Jamaica",13,6,4,5,5,0,3
"Costa Rica",13,7,7,5,2,3,1
"Japan",13,7,7,4,2,2,2
"Tunisia",13,7,3,6,5,1,3
"Egypt",13,8,6,5,3,2,1
"Denmark",13,8,6,4,5,-1,2
"Qatar",13,8,4,4,3,1,3
"Uruguay",13,9,6,3,2,1,1
"Uzbekistan",13,9,6,4,4,0,2
"Korea Republic",13,10,6,4,2,2,1
"Ghana",13,10,6,2,3,-1,2
"Chile",13,10,4,4,2,2,3
"France",13,11,9,5,1,4,1
"South Africa",13,11,6,4,2,2,2
"England",13,12,5,3,2,1,1
"Nigeria",13,12,4,4,3,1,2
"Colombia",13,12,4,2,3,-1,3
"United States",14,1,7,5,3,2,1
"Saudi Arabia",14,1,4,3,3,0,2
"Nigeria",14,2,7,6,3,3,1
"Mexico",14,2,4,4,3,1,2
"Denmark",14,2,4,6,7,-1,3
"Japan",14,3,4,6,3,3,1
"Cameroon",14,3,4,4,4,0,2
"Canada",14,3,4,4,5,-1,3
"Iran",14,4,7,3,1,2,1
"Haiti",14,4,4,4,4,0,2
"Spain",14,4,3,6,6,0,3
"Germany",14,5,7,4,1,3,1
"Costa Rica",14,5,5,6,4,2,2
"Australia",14,6,6,6,4,2,1
"Senegal",14,6,6,3,3,0,2
"Ecuador",14,6,4,6,3,3,3
"Norway",14,7,7,7,3,4,1
"South Africa",14,7,4,5,5,0,2
"Poland",14,7,4,3,3,0,3
"England",14,8,9,5,0,5,1
"Qatar",14,8,6,6,3,3,2
"Tunisia",14,9,5,1,0,1,1
"Argentina",14,9,4,3,2,1,2
"Korea Republic",14,9,4,3,3,0,3
"Jordan",14,10,7,5,2,3,1
"Algeria",14,10,4,4,4,0,2
"Netherlands",14,10,4,3,3,0,3
"Austria",14,11,6,4,3,1,1
"Italy",14,11,6,3,2,1,2
"Jamaica",14,11,3,3,3,0,3
"Portugal",14,12,9,7,2,5,1
"Wales",14,12,6,6,4,2,2
"Japan",15,1,7,7,3,4,1
"New Zealand",15,1,4,3,5,-2,2
"United States",15,1,3,2,2,0,3
"Iran",15,2,5,5,3,2,1
"Mexico",15,2,4,6,6,0,2
"Poland",15,2,4,3,3,0,3
"Jordan",15,3,7,4,0,4,1
"Netherlands",15,3,7,3,1,2,2
"Wales",15,4,7,4,0,4,1
"Jamaica",15,4,4,6,6,0,2
"Qatar",15,4,4,3,3,0,3
"Costa Rica",15,5,7,7,2,5,1
"Egypt",15,5,4,1,2,-1,2
"Saudi Arabia",15,6,7,7,2,5,1
"Nigeria",15,6,4,2,3,-1,2
"Croatia",15,6,3,2,2,0,3
"Australia",15,7,6,7,2,5,1
"Panama",15,7,5,4,3,1,2
"Senegal",15,7,4,6,10,-4,3
"Cameroon",15,8,6,5,4,1,1
"England",15,8,6,5,4,1,2
"Scotland",15,8,4,4,3,1,3
"Switzerland",15,9,9,6,2,4,1
"France",15,9,4,3,3,0,2
"Paraguay",15,9,4,1,2,-1,3
"Tunisia",15,10,6,5,3,2,1
"Haiti",15,10,5,5,4,1,2
"Morocco",15,11,9,6,1,5,1
"Germany",15,11,4,3,2,1,2
"Brazil",15,12,6,4,3,1,1
"Norway",15,12,4,4,4,0,2
"Ghana",15,12,4,3,3,0,3
"Uzbekistan",16,1,7,6,1,5,1
"Nigeria",16,1,4,4,5,-1,2
"Nigeria",16,1,4,4,5,-1,3
"Egypt",16,2,6,8,5,3,1
"Colombia",16,2,6,4,1,3,2
"Saudi Arabia",16,2,6,7,6,1,3
"Austria",16,3,7,4,2,2,1
"Canada",16,3,6,3,2,1,2
"Morocco",16,3,3,3,4,-1,3
"Panama",16,4,5,4,3,1,1
"Spain",16,4,5,3,2,1,2
"Paraguay",16,4,3,2,2,0,3
"Haiti",16,5,7,5,2,3,1
"Norway",16,5,6,2,1,1,2
"Qatar",16,6,7,5,3,2,1
"Tunisia",16,6,7,3,1,2,2
"Costa Rica",16,7,7,6,3,3,1
"Poland",16,7,6,9,3,6,2
"Algeria",16,7,4,4,7,-3,3
"Germany",16,8,5,3,2,1,1
"Japan",16,8,4,5,4,1,2
"Ghana",16,8,4,2,3,-1,3
"Australia",16,9,6,6,3,3,1
"Cameroon",16,9,6,4,3,1,2
"Chile",16,9,3,5,6,-1,3
"Korea Republic",16,10,5,6,3,3,1
"South Africa",16,10,5,4,3,1,2
"Iran",16,11,7,4,1,3,1
"New Zealand",16,11,4,3,2,1,2
"Jordan",16,12,4,2,1,1,1
"Senegal",16,12,4,2,2,0,2
"Belgium",16,12,4,4,5,-1,3
"Iran",17,1,7,8,5,3,1
"South Africa",17,1,4,7,5,2,2
"Ecuador",17,2,9,5,1,4,1
"Korea Republic",17,2,4,5,2,3,2
"Canada",17,3,5,3,1,2,1
"Morocco",17,3,5,3,2,1,2
"Uzbekistan",17,3,3,2,2,0,3
"Argentina",17,4,5,9,5,4,1
"Japan",17,4,4,3,3,0,2
"Costa Rica",17,4,4,4,5,-1,3
"Algeria",17,5,5,2,1,1,1
"Qatar",17,5,4,4,4,0,2
"Belgium",17,5,4,3,3,0,3
"Switzerland",17,6,6,5,4,1,1
"Egypt",17,6,6,3,2,1,2
"Saudi Arabia",17,6,3,3,4,-1,3
"Cameroon",17,7,7,6,2,4,1
"Poland",17,7,7,5,3,2,2
"Australia",17,8,5,4,3,1,1
"England",17,8,4,5,5,0,2
"Ghana",17,8,3,2,2,0,3
"Panama",17,9,9,6,0,6,1
"Scotland",17,9,4,3,3,0,2
"Germany",17,9,3,3,3,0,3
"France",17,10,7,8,3,5,1
"Nigeria",17,10,4,4,4,0,2
"Portugal",17,11,6,4,3,1,1
"Chile",17,11,5,3,2,1,2
"Jordan",17,11,4,4,4,0,3
"New Zealand",17,12,5,6,5,1,1
"Austria",17,12,4,5,3,2,2
"Jamaica",17,12,4,3,5,-2,3
"Korea Republic",18,1,9,6,2,4,1
"South Africa",18,1,4,4,3,1,2
"Mexico",18,2,9,5,2,3,1
"Austria",18,2,3,3,4,-1,2
"Japan",18,2,3,2,3,-1,3
"Chile",18,3,7,5,1,4,1
"Canada",18,3,6,7,4,3,2
"Algeria",18,4,7,6,3,3,1
"Costa Rica",18,4,5,3,2,1,2
"Croatia",18,4,3,5,5,0,3
"Qatar",18,5,7,5,2,3,1
"England",18,5,6,4,3,1,2
"Argentina",18,6,5,4,3,1,1
"Switzerland",18,6,4,7,4,3,2
"Nigeria",18,6,4,2,2,0,3
"Morocco",18,7,9,5,1,4,1
"Panama",18,7,4,3,3,0,2
"Australia",18,8,9,6,2,4,1
"Tunisia",18,8,6,6,5,1,2
"New Zealand",18,8,3,4,6,-2,3
"Egypt",18,9,7,6,1,5,1
"Uruguay",18,9,4,1,1,0,2
"Netherlands",18,9,3,4,4,0,3
"Iran",18,10,7,4,2,2,1
"Ghana",18,10,6,5,2,3,2
"France",18,10,4,2,4,-2,3
"Paraguay",18,11,7,3,0,3,1
"Spain",18,11,4,4,3,1,2
"Jordan",18,11,4,3,3,0,3
"Scotland",18,12,5,5,4,1,1
"Cameroon",18,12,4,7,5,2,2
"Belgium",18,12,3,5,5,0,3
"United States",19,1,6,5,4,1,1
"New Zealand",19,1,5,5,3,2,2
"Netherlands",19,1,4,4,5,-1,3
"Iran",19,2,7,5,1,4,1
"Mexico",19,2,4,3,4,-1,2
"Senegal",19,2,3,3,5,-2,3
"Morocco",19,3,9,6,2,4,1
"Canada",19,3,6,4,3,1,2
"Qatar",19,3,3,3,5,-2,3
"Germany",19,4,7,3,0,3,1
"South Africa",19,4,4,4,4,0,2
"Japan",19,4,3,2,4,-2,3
"Panama",19,5,7,6,3,3,1
"Paraguay",19,5,5,3,1,2,2
"Croatia",19,5,3,3,5,-2,3
"Cameroon",19,6,6,8,2,6,1
"Australia",19,6,5,2,1,1,2
"Norway",19,7,5,4,2,2,1
"Colombia",19,7,5,6,5,1,2
"France",19,7,4,6,5,1,3
"Korea Republic",19,8,6,6,2,4,1
"Chile",19,8,5,2,0,2,2
"Austria",19,9,7,6,3,3,1
"Costa Rica",19,9,4,2,3,-1,2
"Scotland",19,9,3,2,2,0,3
"Haiti",19,10,5,7,3,4,1
"Denmark",19,10,4,5,4,1,2
"England",19,10,4,1,1,0,3
"Tunisia",19,11,7,6,2,4,1
"Jamaica",19,11,5,4,3,1,2
"Jordan",19,12,9,9,2,7,1
"Nigeria",19,12,4,3,4,-1,2
"Cameroon",20,1,9,7,3,4,1
"Korea Republic",20,1,4,1,1,0,2
"Mexico",20,2,7,3,0,3,1
"New Zealand",20,2,6,4,1,3,2
"Senegal",20,2,4,3,4,-1,3
"Canada",20,3,7,8,4,4,1
"Jordan",20,3,7,5,2,3,2
"Spain",20,4,7,8,3,5,1
"Austria",20,4,6,3,5,-2,2
"Costa Rica",20,4,4,2,2,0,3
"Argentina",20,5,7,5,3,2,1
"Saudi Arabia",20,5,6,6,4,2,2
"Egypt",20,5,4,4,4,0,3
"Ghana",20,6,7,5,2,3,1
"Scotland",20,6,4,4,4,0,2
"Italy",20,6,3,3,3,0,3
"Paraguay",20,7,9,6,2,4,1
"Qatar",20,7,6,3,2,1,2
"Netherlands",20,8,9,5,2,3,1
"England",20,8,4,5,4,1,2
"South Africa",20,9,7,5,3,2,1
"France",20,9,4,4,4,0,2
"Japan",20,9,3,2,2,0,3
"Uzbekistan",20,10,7,5,3,2,1
"Brazil",20,10,4,3,3,0,2
"Tunisia",20,10,3,5,6,-1,3
"Colombia",20,11,5,5,2,3,1
"Belgium",20,11,5,4,3,1,2
"Panama",20,11,3,2,2,0,3
"Haiti",20,12,7,7,2,5,1
"Iran",20,12,4,4,5,-1,2
"Croatia",20,12,3,5,5,0,3
"Iran",21,1,7,3,1,2,1
"Colombia",21,1,4,5,3,2,2
"Jordan",21,2,7,8,4,4,1
"Norway",21,2,4,5,5,0,2
"Mexico",21,2,4,3,5,-2,3
"Canada",21,3,7,5,2,3,1
"Egypt",21,3,6,4,3,1,2
"Switzerland",21,3,4,5,5,0,3
"Cameroon",21,4,4,4,4,0,1
"Denmark",21,4,4,4,4,0,2
"Cameroon",21,4,4,4,4,0,3
"Chile",21,5,7,7,4,3,1
"Nigeria",21,5,6,4,3,1,2
"Portugal",21,6,7,5,1,4,1
"Australia",21,6,4,2,4,-2,2
"Panama",21,6,3,3,2,1,3
"Uruguay",21,7,9,5,1,4,1
"Japan",21,7,4,2,1,1,2
"Korea Republic",21,8,5,6,5,1,1
"England",21,8,5,3,2,1,2
"Tunisia",21,8,4,6,3,3,3
"Scotland",21,9,4,3,2,1,1
"New Zealand",21,9,4,4,4,0,2
"Netherlands",21,9,4,1,2,-1,3
"Costa Rica",21,10,7,5,2,3,1
"Spain",21,10,4,3,2,1,2
"Uzbekistan",21,11,6,7,3,4,1
"Croatia",21,11,6,4,2,2,2
"Morocco",21,11,6,5,5,0,3
"Wales",21,12,7,4,2,2,1
"Saudi Arabia",21,12,6,3,2,1,2
"Italy",21,12,3,6,6,0,3
"Australia",22,1,5,3,2,1,1
"New Zealand",22,1,3,2,2,0,2
"Mexico",22,2,5,3,1,2,1
"Qatar",22,2,4,4,4,0,2
"Algeria",22,2,4,2,3,-1,3
"Ghana",22,3,6,10,5,5,1
"Canada",22,3,4,6,5,1,2
"Korea Republic",22,3,4,3,4,-1,3
"Jordan",22,4,6,10,6,4,1
"Austria",22,4,6,6,5,1,2
"France",22,4,6,3,5,-2,3
"Tunisia",22,5,6,5,4,1,1
"Iran",22,5,6,3,3,0,2
"Belgium",22,5,4,6,5,1,3
"Morocco",22,6,5,4,3,1,1
"Poland",22,6,5,3,2,1,2
"Haiti",22,6,3,8,4,4,3
"Japan",22,7,7,3,0,3,1
"Panama",22,7,5,6,3,3,2
"Argentina",22,7,4,5,3,2,3
"Saudi Arabia",22,8,6,4,2,2,1
"Spain",22,8,6,4,2,2,2
"Uzbekistan",22,9,5,4,3,1,1
"Egypt",22,9,4,6,3,3,2
"England",22,9,4,2,2,0,3
"Brazil",22,10,4,4,3,1,1
"South Africa",22,10,4,2,2,0,2
"Jamaica",22,10,4,2,3,-1,3
"Cameroon",22,11,7,7,4,3,1
"Croatia",22,11,4,5,5,0,2
"Norway",22,12,9,7,0,7,1
"Portugal",22,12,4,4,7,-3,2
"Poland",23,1,7,5,2,3,1
"Korea Republic",23,1,4,8,7,1,2
"Croatia",23,2,9,8,1,7,1
"Qatar",23,2,4,4,5,-1,2
"Canada",23,3,6,2,1,1,1
"Jordan",23,3,6,2,1,1,2
"Chile",23,3,3,3,2,1,3
"Haiti",23,4,5,3,2,1,1
"England",23,4,4,4,2,2,2
"Algeria",23,4,4,3,2,1,3
"Tunisia",23,5,9,7,1,6,1
"Uzbekistan",23,5,6,5,3,2,2
"Iran",23,6,6,4,4,0,1
"Senegal",23,6,5,5,3,2,2
"Italy",23,6,4,2,2,0,3
"Argentina",23,7,7,6,2,4,1
"Egypt",23,7,4,4,4,0,2
"Costa Rica",23,7,3,6,6,0,3
"Nigeria",23,8,6,7,2,5,1
"Portugal",23,8,6,2,1,1,2
"New Zealand",23,8,4,3,4,-1,3
"Cameroon",23,9,5,6,4,2,1
"Wales",23,9,5,5,3,2,2
"Brazil",23,9,4,4,5,-1,3
"Belgium",23,10,6,5,6,-1,1
"Ghana",23,10,5,8,4,4,2
"Paraguay",23,10,4,5,4,1,3
"Ecuador",23,11,7,5,3,2,1
"Netherlands",23,11,6,6,3,3,2
"Saudi Arabia",23,12,6,4,2,2,1
"Norway",23,12,6,4,3,1,2
"Denmark",23,12,3,2,3,-1,3
"Ghana",24,1,9,5,1,4,1
"United States",24,1,4,4,3,1,2
"Scotland",24,1,4,3,3,0,3
"Mexico",24,2,6,4,2,2,1
"Austria",24,2,6,4,3,1,2
"New Zealand",24,2,3,3,4,-1,3
"Norway",24,3,6,6,4,2,1
"Tunisia",24,3,6,2,2,0,2
"Jordan",24,3,4,4,4,0,3
"Uzbekistan",24,4,7,8,4,4,1
"France",24,4,4,2,3,-1,2
"Senegal",24,5,7,7,2,5,1
"England",24,5,3,2,2,0,2
"Nigeria",24,6,7,8,4,4,1
"Brazil",24,6,4,5,4,1,2
"Costa Rica",24,6,4,2,2,0,3
"Denmark",24,7,5,4,2,2,1
"Spain",24,7,5,4,2,2,2
"Haiti",24,7,5,4,3,1,3
"South Africa",24,8,6,8,3,5,1
"Wales",24,8,6,3,2,1,2
"Jamaica",24,8,4,4,4,0,3
"Italy",24,9,9,6,2,4,1
"Chile",24,9,6,6,3,3,2
"Paraguay",24,10,7,5,3,2,1
"Qatar",24,10,4,5,2,3,2
"Switzerland",24,10,4,3,2,1,3
"Japan",24,11,5,7,6,1,1
"Germany",24,11,5,6,5,1,2
"Saudi Arabia",24,12,5,6,2,4,1
"Algeria",24,12,5,1,0,1,2
"Portugal",24,12,3,3,3,0,3
"Wales",25,1,6,8,5,3,1
"United States",25,1,6,5,5,0,2
"Morocco",25,1,3,3,4,-1,3
"Ghana",25,2,5,5,2,3,1
"Scotland",25,2,5,6,5,1,2
"Croatia",25,2,3,3,3,0,3
"Iran",25,3,9,5,1,4,1
"Canada",25,3,4,3,2,1,2
"Jamaica",25,4,6,3,2,1,1
"Italy",25,4,4,4,4,0,2
"Uzbekistan",25,4,4,2,3,-1,3
"Portugal",25,5,7,7,3,4,1
"Panama",25,5,4,2,2,0,2
"Qatar",25,6,9,6,3,3,1
"France",25,6,4,2,2,0,2
"Egypt",25,6,4,1,1,0,3
"Saudi Arabia",25,7,4,3,2,1,1
"Algeria",25,7,4,3,3,0,2
"Algeria",25,7,4,3,3,0,3
"Argentina",25,8,7,9,3,6,1
"Japan",25,8,4,3,5,-2,2
"Jordan",25,9,6,7,1,6,1
"Poland",25,9,6,3,4,-1,2
"Nigeria",25,9,4,3,3,0,3
"England",25,10,7,7,3,4,1
"Chile",25,10,7,4,2,2,2
"Australia",25,11,7,6,3,3,1
"South Africa",25,11,4,2,2,0,2
"Netherlands",25,11,3,5,5,0,3
"Germany",25,12,6,3,5,-2,1
"Paraguay",25,12,4,6,2,4,2
"Haiti",25,12,4,1,2,-1,3
"United States",26,1,9,7,1,6,1
"Algeria",26,1,4,3,4,-1,2
"Morocco",26,2,9,7,4,3,1
"Switzerland",26,2,6,5,2,3,2
"Ecuador",26,2,3,2,4,-2,3
"Canada",26,3,7,4,1,3,1
"Norway",26,3,6,4,3,1,2
"Cameroon",26,4,7,6,2,4,1
"Scotland",26,4,7,4,2,2,2
"Costa Rica",26,5,9,7,0,7,1
"Nigeria",26,5,6,4,2,2,2
"Spain",26,5,3,1,3,-2,3
"South Africa",26,6,7,6,4,2,1
"Iran",26,6,7,5,3,2,2
"Netherlands",26,6,3,4,4,0,3
"Jamaica",26,7,7,4,1,3,1
"Uzbekistan",26,7,5,5,4,1,2
"France",26,7,3,2,4,-2,3
"Korea Republic",26,8,7,7,4,3,1
"New Zealand",26,8,6,5,2,3,2
"Senegal",26,8,4,4,5,-1,3
"Japan",26,9,7,4,2,2,1
"Panama",26,9,6,5,3,2,2
"England",26,9,4,3,2,1,3
"Saudi Arabia",26,10,7,5,3,2,1
"Portugal",26,10,4,4,3,1,2
"Egypt",26,10,3,6,6,0,3
"Austria",26,11,7,7,5,2,1
"Uruguay",26,11,4,5,5,0,2
"Haiti",26,11,3,8,5,3,3
"Belgium",26,12,7,4,2,2,1
"Paraguay",26,12,5,2,1,1,2
"Germany",27,1,9,7,2,5,1
"United States",27,1,6,4,3,1,2
"Cameroon",27,2,9,3,0,3,1
"Poland",27,2,6,2,1,1,2
"New Zealand",27,3,6,4,2,2,1
"Canada",27,3,6,4,3,1,2
"Australia",27,3,6,3,2,1,3
"Uzbekistan",27,4,5,6,1,5,1
"France",27,4,5,6,4,2,2
"Switzerland",27,4,4,2,6,-4,3
"Chile",27,5,7,6,4,2,1
"Morocco",27,5,6,4,2,2,2
"Saudi Arabia",27,5,4,1,1,0,3
"Croatia",27,6,6,4,2,2,1
"Korea Republic",27,6,4,4,4,0,2
"Costa Rica",27,6,4,2,3,-1,3
"Japan",27,7,7,3,1,2,1
"South Africa",27,7,5,6,2,4,2
"Wales",27,7,4,2,2,0,3
"Qatar",27,8,7,9,2,7,1
"Senegal",27,8,6,6,6,0,2
"Norway",27,8,4,4,5,-1,3
"Nigeria",27,9,7,6,3,3,1
"Uruguay",27,9,3,4,4,0,2
"Jamaica",27,10,7,6,3,3,1
"Spain",27,10,6,5,2,3,2
"Ghana",27,10,4,3,4,-1,3
"Argentina",27,11,4,2,1,1,1
"Denmark",27,11,4,3,3,0,2
"Egypt",27,11,4,3,3,0,3
"Jordan",27,12,9,5,1,4,1
"Scotland",27,12,4,4,3,1,2
"Ghana",28,1,7,5,2,3,1
"United States",28,1,5,4,3,1,2
"Cameroon",28,2,7,4,0,4,1
"Mexico",28,2,4,3,4,-1,2
"Australia",28,2,3,2,3,-1,3
"Iran",28,3,7,4,1,3,1
"Canada",28,3,4,4,4,0,2
"Morocco",28,4,5,3,2,1,1
"Costa Rica",28,4,4,4,3,1,2
"Spain",28,4,4,3,4,-1,3
"Uruguay",28,5,5,5,4,1,1
"Scotland",28,5,5,3,2,1,2
"Qatar",28,6,9,9,0,9,1
"Algeria",28,6,6,6,4,2,2
"Saudi Arabia",28,7,5,3,1,2,1
"Austria",28,7,5,3,2,1,2
"Portugal",28,7,4,2,3,-1,3
"New Zealand",28,8,7,3,0,3,1
"Germany",28,8,4,3,3,0,2
"Japan",28,8,4,3,3,0,3
"Jordan",28,9,7,6,2,4,1
"Netherlands",28,9,6,10,6,4,2
"Norway",28,9,4,5,7,-2,3
"Colombia",28,10,9,5,1,4,1
"Uzbekistan",28,10,4,3,2,1,2
"Italy",28,10,3,3,4,-1,3
"South Africa",28,11,9,8,4,4,1
"Poland",28,11,3,7,7,0,2
"Jamaica",28,11,3,5,7,-2,3
"Panama",28,12,7,5,3,2,1
"Chile",28,12,6,4,3,1,2
"Belgium",28,12,3,4,5,-1,3
"United States",29,1,9,6,2,4,1
"Ecuador",29,1,3,3,3,0,2
"Nigeria",29,2,6,7,2,5,1
"Germany",29,2,6,4,5,-1,2
"South Africa",29,3,6,4,3,1,1
"Wales",29,3,6,4,3,1,2
"Canada",29,3,4,3,3,0,3
"Cameroon",29,4,6,4,2,2,1
"Chile",29,4,4,1,2,-1,2
"Norway",29,4,4,2,4,-2,3
"Senegal",29,5,7,5,2,3,1
"France",29,5,5,3,2,1,2
"New Zealand",29,5,4,4,4,0,3
"Austria",29,6,9,6,2,4,1
"Saudi Arabia",29,6,4,5,5,0,2
"Egypt",29,6,4,4,5,-1,3
"Uruguay",29,7,7,6,3,3,1
"Qatar",29,7,4,5,4,1,2
"Jamaica",29,7,4,4,4,0,3
"Poland",29,8,7,3,0,3,1
"Korea Republic",29,8,5,3,2,1,2
"Ghana",29,8,4,3,2,1,3
"Colombia",29,9,7,3,0,3,1
"Haiti",29,9,4,5,3,2,2
"Tunisia",29,10,9,7,1,6,1
"Jordan",29,10,4,4,5,-1,2
"Costa Rica",29,11,7,4,2,2,1
"Croatia",29,11,7,4,2,2,2
"Australia",29,11,3,1,2,-1,3
"Denmark",29,12,7,6,3,3,1
"Italy",29,12,4,3,3,0,2
"Panama",29,12,3,2,3,-1,3
"Saudi Arabia",30,1,6,4,2,2,1
"Austria",30,1,6,4,4,0,2
"Norway",30,1,4,3,3,0,3
"Germany",30,2,7,4,1,3,1
"Mexico",30,2,4,2,2,0,2
"Australia",30,2,4,2,3,-1,3
"Korea Republic",30,3,7,4,2,2,1
"Canada",30,3,6,3,1,2,2
"Senegal",30,3,3,4,4,0,3
"Algeria",30,4,9,4,0,4,1
"Panama",30,4,6,4,2,2,2
"Scotland",30,5,7,6,2,4,1
"Jordan",30,5,4,4,3,1,2
"Switzerland",30,5,4,4,6,-2,3
"Spain",30,6,5,2,0,2,1
"Costa Rica",30,6,5,2,1,1,2
"Qatar",30,7,9,8,1,7,1
"Egypt",30,7,4,3,3,0,2
"Colombia",30,8,6,7,2,5,1
"Portugal",30,8,4,2,2,0,2
"Cameroon",30,8,4,2,5,-3,3
"Uzbekistan",30,9,9,5,1,4,1
"Tunisia",30,9,6,4,1,3,2
"Paraguay",30,9,3,3,3,0,3
"Haiti",30,10,6,8,3,5,1
"Chile",30,10,4,3,2,1,2
"Morocco",30,10,4,3,4,-1,3
"South Africa",30,11,6,2,1,1,1
"Croatia",30,11,4,4,4,0,2
"Iran",30,11,4,4,4,0,3
"Brazil",30,12,6,5,3,2,1
"New Zealand",30,12,6,3,1,2,2
"United States",31,1,7,3,1,2,1
"Ghana",31,1,4,2,1,1,2
"Mexico",31,2,7,4,1,3,1
"Ecuador",31,2,5,2,1,1,2
"Senegal",31,2,4,1,1,0,3
"Canada",31,3,9,4,0,4,1
"New Zealand",31,3,6,4,1,3,2
"Cameroon",31,4,7,5,2,3,1
"Germany",31,4,4,3,1,2,2
"Jamaica",31,4,4,4,3,1,3
"Algeria",31,5,7,6,4,2,1
"Costa Rica",31,5,6,6,5,1,2
"Uruguay",31,5,4,6,6,0,3
"Jordan",31,6,6,4,3,1,1
"Morocco",31,6,6,4,3,1,2
"Argentina",31,6,3,3,3,0,3
"Italy",31,7,4,4,4,0,1
"Norway",31,7,4,4,4,0,2
"Uzbekistan",31,7,4,4,4,0,3
"Panama",31,8,7,3,0,3,1
"Netherlands",31,8,4,2,2,0,2
"Paraguay",31,8,3,2,2,0,3
"Haiti",31,9,6,3,3,0,1
"Colombia",31,9,5,3,0,3,2
"Korea Republic",31,10,9,7,0,7,1
"Portugal",31,10,4,1,3,-2,2
"Nigeria",31,11,5,5,3,2,1
"Qatar",31,11,4,3,3,0,2
"Belgium",31,11,4,4,5,-1,3
"Brazil",31,12,6,6,3,3,1
"Egypt",31,12,4,3,5,-2,2
"Saudi Arabia",31,12,4,2,5,-3,3
"Scotland",32,1,7,2,0,2,1
"Colombia",32,1,4,4,2,2,2
"United States",32,1,4,2,4,-2,3
"Jordan",32,2,9,10,4,6,1
"Austria",32,2,4,4,3,1,2
"Mexico",32,2,3,4,6,-2,3
"Korea Republic",32,3,6,7,4,3,1
"Canada",32,3,4,6,7,-1,2
"Chile",32,3,4,3,5,-2,3
"Algeria",32,4,7,8,1,7,1
"Uzbekistan",32,4,4,4,3,1,2
"Netherlands",32,4,3,4,6,-2,3
"Haiti",32,5,7,5,0,5,1
"Uruguay",32,5,3,1,1,0,2
"Paraguay",32,6,6,6,3,3,1
"Costa Rica",32,6,5,5,3,2,2
"England",32,6,4,5,5,0,3
"Jamaica",32,7,7,5,2,3,1
"Denmark",32,7,5,5,3,2,2
"Iran",32,8,9,7,1,6,1
"Senegal",32,8,4,2,5,-3,2
"Nigeria",32,9,7,6,4,2,1
"Argentina",32,9,6,4,2,2,2
"Panama",32,10,7,5,3,2,1
"Croatia",32,10,5,8,3,5,2
"Australia",32,10,4,5,4,1,3
"Norway",32,11,5,5,3,2,1
"Ghana",32,11,4,6,5,1,2
"Poland",32,11,4,3,4,-1,3
"Qatar",32,12,7,4,0,4,1
"Switzerland",32,12,4,4,4,0,2
"Belgium",32,12,3,2,2,0,3
"Switzerland",33,1,7,6,4,2,1
"Iran",33,1,4,5,4,1,2
"South Africa",33,1,4,2,2,0,3
"Mexico",33,2,7,3,0,3,1
"Qatar",33,2,5,5,4,1,2
"Paraguay",33,2,3,2,3,-1,3
"Jordan",33,3,6,5,3,2,1
"Canada",33,3,6,5,4,1,2
"Morocco",33,3,6,3,3,0,3
"Wales",33,4,9,7,2,5,1
"Jamaica",33,4,4,6,5,1,2
"Panama",33,5,7,8,4,4,1
"Colombia",33,5,4,2,4,-2,2
"Australia",33,5,3,4,4,0,3
"Norway",33,6,7,6,3,3,1
"Denmark",33,6,6,4,3,1,2
"Uzbekistan",33,6,4,4,4,0,3
"New Zealand",33,7,9,4,1,3,1
"Korea Republic",33,7,2,2,3,-1,2
"Austria",33,8,6,3,3,0,1
"Costa Rica",33,8,4,4,3,1,2
"Nigeria",33,8,4,4,4,0,3
"Cameroon",33,9,9,7,2,5,1
"Croatia",33,9,4,3,4,-1,2
"Scotland",33,10,6,7,5,2,1
"Tunisia",33,10,6,7,5,2,2
"France",33,10,3,5,6,-1,3
"Belgium",33,11,7,4,2,2,1
"Saudi Arabia",33,11,4,5,3,2,2
"Germany",33,12,7,3,0,3,1
"Haiti",33,12,6,5,1,4,2
"Algeria",33,12,4,4,3,1,3
"Egypt",34,1,6,7,4,3,1
"Ecuador",34,1,6,6,4,2,2
"Wales",34,1,4,4,4,0,3
"Scotland",34,2,6,5,2,3,1
"Jordan",34,2,6,4,2,2,2
"Mexico",34,2,3,4,6,-2,3
"Qatar",34,3,7,9,5,4,1
"Canada",34,3,4,5,5,0,2
"Uruguay",34,4,6,6,4,2,1
"Germany",34,4,4,1,1,0,2
"Cameroon",34,4,4,5,6,-1,3
"Australia",34,5,9,9,1,8,1
"France",34,5,4,2,5,-3,2
"Tunisia",34,6,9,3,0,3,1
"Paraguay",34,6,4,2,2,0,2
"Nigeria",34,7,9,8,2,6,1
"Panama",34,7,6,5,3,2,2
"New Zealand",34,8,9,9,2,7,1
"Denmark",34,8,3,3,4,-1,2
"England",34,8,3,1,3,-2,3
"Spain",34,9,6,8,4,4,1
"Uzbekistan",34,9,6,3,4,-1,2
"Morocco",34,9,3,4,3,1,3
"South Africa",34,10,9,5,1,4,1
"Iran",34,10,4,4,4,0,2
"Argentina",34,10,3,2,3,-1,3
"Italy",34,11,7,8,4,4,1
"Ghana",34,11,6,3,2,1,2
"Netherlands",34,11,4,7,4,3,3
"Poland",34,12,9,9,1,8,1
"Saudi Arabia",34,12,4,2,5,-3,2
"Algeria",34,12,3,3,5,-2,3
"New Zealand",35,1,7,6,4,2,1
"Senegal",35,1,7,4,2,2,2
"United States",35,1,3,5,5,0,3
"Saudi Arabia",35,2,7,3,1,2,1
"Tunisia",35,2,6,5,4,1,2
"Norway",35,2,3,4,4,0,3
"Austria",35,3,4,3,3,0,1
"Canada",35,3,4,3,3,0,2
"Jordan",35,3,4,1,1,0,3
"Costa Rica",35,4,6,5,4,1,1
"Egypt",35,4,4,3,2,1,2
"England",35,4,4,3,3,0,3
"Italy",35,5,7,6,3,3,1
"Cameroon",35,5,4,8,4,4,2
"Japan",35,5,3,4,4,0,3
"Korea Republic",35,6,7,6,2,4,1
"Panama",35,6,5,4,1,3,2
"Scotland",35,7,7,4,1,3,1
"South Africa",35,7,4,4,3,1,2
"Haiti",35,8,6,7,2,5,1
"Brazil",35,8,6,3,4,-1,2
"Algeria",35,9,7,5,3,2,1
"Portugal",35,9,4,3,3,0,2
"Ecuador",35,9,3,4,5,-1,3
"Ghana",35,10,7,11,5,6,1
"Iran",35,10,5,6,3,3,2
"Denmark",35,10,4,4,5,-1,3
"Qatar",35,11,7,3,1,2,1
"Belgium",35,11,4,5,3,2,2
"Jamaica",35,11,4,3,3,0,3
"Uzbekistan",35,12,7,6,0,6,1
"Germany",35,12,4,3,5,-2,2
"Algeria",36,1,9,4,1,3,1
"Wales",36,1,2,7,8,-1,2
"Netherlands",36,2,6,2,1,1,1
"Scotland",36,2,4,3,2,1,2
"Mexico",36,2,4,3,3,0,3
"Egypt",36,3,9,5,2,3,1
"Canada",36,3,3,3,4,-1,2
"Germany",36,3,3,2,3,-1,3
"Panama",36,4,6,8,6,2,1
"Iran",36,4,6,5,4,1,2
"Austria",36,4,3,5,6,-1,3
"Norway",36,5,6,7,2,5,1
"Croatia",36,5,6,8,5,3,2
"New Zealand",36,5,4,5,6,-1,3
"Tunisia",36,6,9,7,2,5,1
"Costa Rica",36,6,4,4,1,3,2
"Australia",36,7,7,6,1,5,1
"Poland",36,7,5,2,1,1,2
"Cameroon",36,7,3,5,4,1,3
"Chile",36,8,6,4,4,0,1
"Qatar",36,8,4,4,2,2,2
"Nigeria",36,8,4,6,5,1,3
"France",36,9,4,7,4,3,1
"Switzerland",36,9,4,3,4,-1,2
"Ghana",36,9,4,4,6,-2,3
"Jamaica",36,10,7,10,3,7,1
"Colombia",36,10,7,7,4,3,2
"Italy",36,11,7,5,3,2,1
"Haiti",36,11,6,8,3,5,2
"Uzbekistan",36,12,9,5,2,3,1
"Morocco",36,12,6,3,1,2,2
"Belgium",36,12,3,3,5,-2,3
"Uzbekistan",37,1,7,6,2,4,1
"Germany",37,1,5,4,3,1,2
"Morocco",37,1,4,3,4,-1,3
"Korea Republic",37,2,9,8,3,5,1
"Mexico",37,2,4,5,5,0,2
"Chile",37,2,4,4,4,0,3
"Qatar",37,3,9,9,3,6,1
"Paraguay",37,3,4,1,4,-3,2
"Haiti",37,4,7,6,1,5,1
"Switzerland",37,4,4,4,5,-1,2
"Scotland",37,5,9,4,0,4,1
"Tunisia",37,5,6,5,4,1,2
"Panama",37,5,3,4,4,0,3
"Croatia",37,6,6,6,4,2,1
"Costa Rica",37,6,6,6,5,1,2
"England",37,6,6,4,4,0,3
"Jordan",37,7,7,7,1,6,1
"Spain",37,7,6,8,6,2,2
"Nigeria",37,7,4,2,2,0,3
"Japan",37,8,5,4,2,2,1
"Uruguay",37,8,5,3,1,2,2
"Wales",37,8,4,4,4,0,3
"New Zealand",37,9,7,6,2,4,1
"Norway",37,9,4,4,5,-1,2
"Belgium",37,9,4,2,3,-1,3
"Denmark",37,10,7,5,3,2,1
"Ecuador",37,10,6,5,4,1,2
"Poland",37,11,7,3,0,3,1
"Cameroon",37,11,4,2,3,-1,2
"Egypt",37,12,6,4,3,1,1
"Austria",37,12,4,3,2,1,2
"Saudi Arabia",37,12,4,3,4,-1,3
"Tunisia",38,1,6,2,1,1,1
"New Zealand",38,1,4,2,2,0,2
"United States",38,1,4,1,1,0,3
"South Africa",38,2,4,5,5,0,1
"Mexico",38,2,4,3,3,0,2
"Poland",38,2,4,3,3,0,3
"Algeria",38,3,7,5,1,4,1
"Netherlands",38,3,4,3,4,-1,2
"Uzbekistan",38,3,3,2,2,0,3
"Scotland",38,4,7,8,1,7,1
"Saudi Arabia",38,4,4,5,5,0,2
"Portugal",38,4,3,4,4,0,3
"Costa Rica",38,5,7,2,0,2,1
"Morocco",38,5,6,3,2,1,2
"Argentina",38,5,3,5,4,1,3
"Jordan",38,6,7,2,0,2,1
"Nigeria",38,6,4,4,3,1,2
"Cameroon",38,7,9,3,0,3,1
"France",38,7,6,6,3,3,2
"Australia",38,8,5,2,0,2,1
"Spain",38,8,4,2,2,0,2
"Denmark",38,8,3,1,1,0,3
"Switzerland",38,9,7,5,3,2,1
"Jamaica",38,9,5,6,2,4,2
"Qatar",38,9,4,4,4,0,3
"Italy",38,10,7,7,5,2,1
"Wales",38,10,6,7,4,3,2
"Belgium",38,11,6,2,1,1,1
"Korea Republic",38,11,6,2,1,1,2
"Egypt",38,12,7,4,2,2,1
"England",38,12,4,3,4,-1,2
"Chile",38,12,3,3,3,0,3
"Cameroon",39,1,7,6,2,4,1
"Chile",39,1,6,2,3,-1,2
"New Zealand",39,2,9,7,0,7,1
"Nigeria",39,2,4,6,4,2,2
"Mexico",39,2,4,4,7,-3,3
"Norway",39,3,6,5,3,2,1
"Ecuador",39,3,6,4,2,2,2
"Canada",39,3,4,4,3,1,3
"Costa Rica",39,4,6,8,2,6,1
"Morocco",39,4,5,2,1,1,2
"Germany",39,4,4,3,6,-3,3
"Panama",39,5,7,3,0,3,1
"Argentina",39,5,6,4,3,1,2
"Iran",39,5,4,3,4,-1,3
"Japan",39,6,7,3,1,2,1
"Haiti",39,6,6,3,1,2,2
"Austria",39,6,4,2,1,1,3
"Algeria",39,7,7,5,1,4,1
"Qatar",39,7,6,4,3,1,2
"Uruguay",39,7,4,2,2,0,3
"Jordan",39,8,6,6,5,1,1
"Italy",39,8,4,4,3,1,2
"Paraguay",39,8,4,4,4,0,3
"Uzbekistan",39,9,7,7,4,3,1
"Jamaica",39,9,5,4,3,1,2
"Ghana",39,10,7,6,0,6,1
"Australia",39,10,4,1,2,-1,2
"Saudi Arabia",39,11,6,5,3,2,1
"Egypt",39,11,4,3,3,0,2
"Brazil",39,11,4,2,2,0,3
"South Africa",39,12,9,8,0,8,1
"Wales",39,12,6,3,4,-1,2
"South Africa",40,1,7,5,1,4,1
"Denmark",40,1,5,4,3,1,2
"Scotland",40,2,6,4,4,0,1
"Chile",40,2,4,5,4,1,2
"Mexico",40,2,4,4,4,0,3
"Netherlands",40,3,7,3,1,2,1
"Cameroon",40,3,6,5,4,1,2
"Paraguay",40,3,4,5,5,0,3
"Tunisia",40,4,6,3,1,2,1
"Japan",40,4,4,2,2,0,2
"Argentina",40,4,4,2,3,-1,3
"Australia",40,5,9,5,1,4,1
"Senegal",40,5,4,5,4,1,2
"Italy",40,5,4,2,2,0,3
"Haiti",40,6,6,4,1,3,1
"Croatia",40,6,4,1,2,-1,2
"Croatia",40,6,4,1,2,-1,3
"France",40,7,9,5,2,3,1
"Jordan",40,7,4,4,4,0,2
"Colombia",40,8,9,6,1,5,1
"Ghana",40,8,6,5,2,3,2
"Poland",40,9,7,2,0,2,1
"Qatar",40,9,4,6,2,4,2
"England",40,9,4,3,2,1,3
"New Zealand",40,10,9,7,3,4,1
"Brazil",40,10,4,3,3,0,2
"Saudi Arabia",40,11,6,4,4,0,1
"Germany",40,11,4,4,3,1,2
"Belgium",40,11,4,3,3,0,3
"Switzerland",40,12,6,4,4,0,1
"Algeria",40,12,4,6,4,2,2
"Spain",40,12,4,4,5,-1,3
"Scotland",41,1,6,8,7,1,1
"Ecuador",41,1,4,4,4,0,2
"United States",41,1,4,3,3,0,3
"Chile",41,2,9,5,2,3,1
"Mexico",41,2,4,5,5,0,2
"Nigeria",41,2,3,4,5,-1,3
"Canada",41,3,6,7,5,2,1
"Egypt",41,3,5,4,2,2,2
"Colombia",41,3,4,4,3,1,3
"Tunisia",41,4,9,8,1,7,1
"Qatar",41,4,4,3,3,0,2
"Argentina",41,4,3,3,4,-1,3
"Morocco",41,5,6,2,1,1,1
"Poland",41,5,4,5,5,0,2
"Haiti",41,5,4,2,2,0,3
"Costa Rica",41,6,7,3,1,2,1
"Portugal",41,6,4,3,4,-1,2
"Senegal",41,6,3,4,4,0,3
"Japan",41,7,7,5,2,3,1
"Uruguay",41,7,4,4,5,-1,2
"Ghana",41,8,7,6,3,3,1
"Korea Republic",41,8,4,4,4,0,2
"Paraguay",41,9,5,5,2,3,1
"Croatia",41,9,5,2,1,1,2
"New Zealand",41,10,6,6,1,5,1
"Belgium",41,10,4,3,3,0,2
"Norway",41,10,4,3,3,0,3
"Jordan",41,11,9,7,2,5,1
"Switzerland",41,11,6,4,1,3,2
"England",41,12,6,3,4,-1,1
"Panama",41,12,4,5,4,1,2
"Iran",41,12,4,3,2,1,3
"United States",42,1,6,4,3,1,1
"Ecuador",42,1,6,3,2,1,2
"Senegal",42,1,4,2,1,1,3
"Mexico",42,2,7,5,2,3,1
"Egypt",42,2,6,4,4,0,2
"Uzbekistan",42,2,4,4,3,1,3
"Iran",42,3,9,6,0,6,1
"Ghana",42,3,3,2,3,-1,2
"Nigeria",42,4,6,6,3,3,1
"Saudi Arabia",42,4,6,5,4,1,2
"Wales",42,4,4,2,2,0,3
"Chile",42,5,6,7,3,4,1
"South Africa",42,5,6,3,2,1,2
"Jamaica",42,5,4,4,4,0,3
"Costa Rica",42,6,9,10,2,8,1
"Paraguay",42,6,4,4,5,-1,2
"Japan",42,7,7,8,2,6,1
"Haiti",42,7,6,4,4,0,2
"Qatar",42,8,5,1,0,1,1
"Morocco",42,8,4,4,2,2,2
"Brazil",42,8,4,1,3,-2,3
"Tunisia",42,9,7,4,1,3,1
"Scotland",42,9,5,4,2,2,2
"Argentina",42,9,4,3,2,1,3
"New Zealand",42,10,6,6,3,3,1
"Colombia",42,10,4,6,5,1,2
"Australia",42,10,4,4,4,0,3
"Algeria",42,11,6,4,1,3,1
"Jordan",42,11,6,2,3,-1,2
"England",42,11,3,1,2,-1,3
"Norway",42,12,9,5,0,5,1
"Cameroon",42,12,4,4,4,0,2
"Senegal",43,1,7,4,1,3,1
"United States",43,1,4,3,3,0,2
"Australia",43,1,3,4,6,-2,3
"Norway",43,2,7,3,1,2,1
"Switzerland",43,2,6,4,2,2,2
"Uzbekistan",43,2,4,6,3,3,3
"Germany",43,3,5,4,2,2,1
"Saudi Arabia",43,3,4,4,3,1,2
"Canada",43,3,4,5,5,0,3
"South Africa",43,4,7,8,3,5,1
"Jamaica",43,4,4,6,6,0,2
"Panama",43,5,7,7,3,4,1
"Wales",43,5,4,4,4,0,2
"Algeria",43,5,4,3,4,-1,3
"New Zealand",43,6,9,6,1,5,1
"Nigeria",43,6,3,4,5,-1,2
"Portugal",43,6,3,2,3,-1,3
"Korea Republic",43,7,5,3,0,3,1
"Colombia",43,7,3,2,2,0,2
"Cameroon",43,7,3,1,1,0,3
"Egypt",43,8,7,4,2,2,1
"Austria",43,8,6,6,3,3,2
"Qatar",43,8,3,3,2,1,3
"Paraguay",43,9,6,5,3,2,1
"Costa Rica",43,9,5,4,3,1,2
"England",43,9,4,3,4,-1,3
"Haiti",43,10,9,6,0,6,1
"Japan",43,10,6,5,4,1,2
"Spain",43,11,7,3,1,2,1
"Jordan",43,11,5,1,0,1,2
"Netherlands",43,12,9,6,2,4,1
"Italy",43,12,4,5,5,0,2
"Norway",44,1,6,5,4,1,1
"Poland",44,1,5,2,1,1,2
"Mexico",44,2,7,6,1,5,1
"New Zealand",44,2,5,3,0,3,2
"Canada",44,3,7,9,3,6,1
"Qatar",44,3,4,4,4,0,2
"Belgium",44,4,7,5,2,3,1
"Austria",44,4,4,5,3,2,2
"Ghana",44,4,4,1,1,0,3
"Japan",44,5,6,6,4,2,1
"Cameroon",44,5,4,3,2,1,2
"England",44,5,4,2,4,-2,3
"Haiti",44,6,9,6,1,5,1
"Tunisia",44,6,6,3,3,0,2
"Costa Rica",44,7,6,5,2,3,1
"Nigeria",44,7,6,5,3,2,2
"Netherlands",44,7,3,2,3,-1,3
"Panama",44,8,9,5,0,5,1
"Switzerland",44,8,6,3,2,1,2
"Korea Republic",44,8,3,3,3,0,3
"Brazil",44,9,6,8,6,2,1
"Scotland",44,9,6,5,3,2,2
"Uzbekistan",44,9,3,4,6,-2,3
"Egypt",44,10,7,5,1,4,1
"France",44,10,4,2,2,0,2
"Croatia",44,10,4,4,6,-2,3
"Uruguay",44,11,6,4,3,1,1
"Senegal",44,11,4,6,4,2,2
"Saudi Arabia",44,11,4,5,5,0,3
"Portugal",44,12,7,4,2,2,1
"Denmark",44,12,4,6,5,1,2
"Australia",44,12,3,3,4,-1,3
"United States",45,1,7,5,3,2,1
"Japan",45,1,4,4,3,1,2
"South Africa",45,1,4,3,3,0,3
"Senegal",45,2,4,5,3,2,1
"Norway",45,2,4,2,2,0,2
"Mexico",45,2,4,1,3,-2,3
"Canada",45,3,9,6,2,4,1
"Australia",45,3,4,2,2,0,2
"Haiti",45,4,5,6,2,4,1
"Brazil",45,4,5,5,4,1,2
"Morocco",45,4,3,3,3,0,3
"Netherlands",45,5,7,5,2,3,1
"Qatar",45,5,6,4,3,1,2
"Colombia",45,6,5,3,2,1,1
"Panama",45,6,4,3,3,0,2
"Egypt",45,6,4,1,1,0,3
"New Zealand",45,7,9,12,3,9,1
"Tunisia",45,7,4,3,5,-2,2
"Uruguay",45,8,7,3,1,2,1
"Denmark",45,8,5,4,3,1,2
"Algeria",45,8,4,2,1,1,3
"Costa Rica",45,9,6,4,3,1,1
"Wales",45,9,5,2,0,2,2
"Scotland",45,9,4,1,1,0,3
"Iran",45,10,7,6,2,4,1
"Ecuador",45,10,4,2,1,1,2
"England",45,10,4,2,3,-1,3
"Uzbekistan",45,11,7,7,2,5,1
"Spain",45,11,4,4,4,0,2
"Chile",45,11,3,5,5,0,3
"Ghana",45,12,6,6,4,2,1
"Italy",45,12,6,5,3,2,2
"Nigeria",46,1,6,5,3,2,1
"Denmark",46,1,5,3,2,1,2
"Switzerland",46,2,7,6,4,2,1
"Ghana",46,2,6,6,5,1,2
"Paraguay",46,2,3,4,5,-1,3
"Canada",46,3,9,8,3,5,1
"Australia",46,3,3,4,4,0,2
"South Africa",46,3,3,4,5,-1,3
"Austria",46,4,9,6,1,5,1
"Korea Republic",46,4,6,3,2,1,2
"Cameroon",46,4,3,3,4,-1,3
"Italy",46,5,4,4,2,2,1
"Germany",46,5,4,4,4,0,2
"Norway",46,5,4,3,4,-1,3
"Tunisia",46,6,9,8,2,6,1
"Panama",46,6,6,3,2,1,2
"Iran",46,6,3,1,2,-1,3
"Senegal",46,7,9,5,2,3,1
"Japan",46,7,6,7,3,4,2
"Morocco",46,8,5,4,3,1,1
"Brazil",46,8,4,3,3,0,2
"Jordan",46,8,4,2,2,0,3
"Egypt",46,9,9,4,1,3,1
"Colombia",46,9,4,2,2,0,2
"Qatar",46,9,3,2,3,-1,3
"Wales",46,10,5,2,1,1,1
"Saudi Arabia",46,10,4,3,1,2,2
"Scotland",46,10,4,3,5,-2,3
"Jamaica",46,11,7,5,2,3,1
"New Zealand",46,11,5,6,2,4,2
"Algeria",46,12,7,7,1,6,1
"Haiti",46,12,5,5,4,1,2
"United States",47,1,7,5,3,2,1
"Norway",47,1,4,2,3,-1,2
"Jordan",47,1,3,5,5,0,3
"Iran",47,2,9,9,2,7,1
"Colombia",47,2,6,5,6,-1,2
"Saudi Arabia",47,3,4,3,3,0,1
"Wales",47,3,4,3,3,0,2
"Canada",47,3,4,1,1,0,3
"Jamaica",47,4,7,4,2,2,1
"Tunisia",47,4,6,4,2,2,2
"Japan",47,5,5,7,5,2,1
"Panama",47,5,4,8,4,4,2
"Austria",47,5,4,3,7,-4,3
"Argentina",47,6,7,3,1,2,1
"Costa Rica",47,6,6,5,3,2,2
"Switzerland",47,6,3,2,3,-1,3
"Morocco",47,7,7,4,0,4,1
"Croatia",47,7,4,2,3,-1,2
"Korea Republic",47,8,7,4,0,4,1
"Brazil",47,8,4,3,3,0,2
"South Africa",47,8,3,1,1,0,3
"Haiti",47,9,7,4,1,3,1
"Egypt",47,9,4,6,3,3,2
"France",47,10,6,6,3,3,1
"Australia",47,10,5,3,2,1,2
"Ghana",47,10,4,4,5,-1,3
"Qatar",47,11,5,3,2,1,1
"Portugal",47,11,4,4,3,1,2
"Paraguay",47,11,4,2,3,-1,3
"Poland",47,12,6,5,2,3,1
"Scotland",47,12,6,4,4,0,2
"New Zealand",47,12,4,3,3,0,3
"United States",48,1,9,8,2,6,1
"Jordan",48,1,6,5,5,0,2
"Denmark",48,2,7,5,3,2,1
"Qatar",48,2,5,4,2,2,2
"Mexico",48,2,3,3,4,-1,3
"Germany",48,3,7,5,2,3,1
"Canada",48,3,4,4,4,0,2
"Ecuador",48,3,3,4,4,0,3
"Jamaica",48,4,7,6,2,4,1
"Saudi Arabia",48,4,4,5,2,3,2
"Senegal",48,4,3,3,3,0,3
"Costa Rica",48,5,9,6,1,5,1
"Algeria",48,5,6,4,3,1,2
"Egypt",48,6,9,5,0,5,1
"Colombia",48,6,3,4,5,-1,2
"Panama",48,6,3,4,5,-1,3
"South Africa",48,7,9,7,1,6,1
"Croatia",48,7,6,5,3,2,2
"Poland",48,8,7,6,3,3,1
"Cameroon",48,8,6,4,2,2,2
"Nigeria",48,9,6,6,2,4,1
"Wales",48,9,6,4,6,-2,2
"Haiti",48,9,4,5,5,0,3
"England",48,10,5,3,1,2,1
"Uzbekistan",48,10,5,1,0,1,2
"Scotland",48,10,4,3,3,0,3
"Ghana",48,11,7,4,1,3,1
"Argentina",48,11,7,4,2,2,2
"Austria",48,11,3,2,4,-2,3
"New Zealand",48,12,6,10,4,6,1
"Chile",48,12,6,3,1,2,2
"Portugal",48,12,6,2,4,-2,3
"Saudi Arabia",49,1,6,7,4,3,1
"United States",49,1,6,6,3,3,2
"Iran",49,2,5,5,2,3,1
"New Zealand",49,2,5,3,1,2,2
"Mexico",49,2,3,3,3,0,3
"Canada",49,3,7,8,3,5,1
"Nigeria",49,3,7,6,4,2,2
"Ghana",49,4,7,8,4,4,1
"Jamaica",49,4,5,6,5,1,2
"Belgium",49,4,4,4,6,-2,3
"Panama",49,5,9,7,2,5,1
"Argentina",49,5,6,3,4,-1,2
"Tunisia",49,5,3,5,3,2,3
"Poland",49,6,5,3,1,2,1
"Japan",49,6,5,2,1,1,2
"Haiti",49,6,3,0,0,0,3
"Chile",49,7,5,6,4,2,1
"Norway",49,7,5,7,6,1,2
"Qatar",49,7,4,4,4,0,3
"Wales",49,8,9,10,3,7,1
"Algeria",49,8,4,5,6,-1,2
"Spain",49,9,5,2,1,1,1
"Egypt",49,9,4,3,3,0,2
"Uzbekistan",49,9,3,4,4,0,3
"Cameroon",49,10,9,3,0,3,1
"Korea Republic",49,10,6,6,2,4,2
"South Africa",49,11,6,4,2,2,1
"Australia",49,11,6,3,2,1,2
"Uruguay",49,11,3,4,5,-1,3
"Costa Rica",49,12,6,3,1,2,1
"Paraguay",49,12,6,3,2,1,2
"Netherlands",49,12,4,2,2,0,3
"United States",50,1,6,6,2,4,1
"Iran",50,1,6,3,1,2,2
"Wales",50,1,6,2,3,-1,3
"Senegal",50,2,7,4,1,3,1
"Mexico",50,2,5,4,3,1,2
"Uzbekistan",50,2,4,3,4,-1,3
"Jordan",50,3,7,8,6,2,1
"Canada",50,3,4,5,5,0,2
"Poland",50,3,4,5,5,0,3
"Croatia",50,4,6,5,2,3,1
"Algeria",50,4,6,4,2,2,2
"Haiti",50,4,4,1,1,0,3
"Saudi Arabia",50,5,7,6,3,3,1
"Austria",50,5,5,2,1,1,2
"Japan",50,6,7,3,1,2,1
"Netherlands",50,6,4,2,2,0,2
"Argentina",50,7,6,6,4,2,1
"Ghana",50,7,4,4,5,-1,2
"Switzerland",50,7,4,2,3,-1,3
"Spain",50,8,6,5,2,3,1
"Scotland",50,8,4,2,2,0,2
"Costa Rica",50,8,4,2,3,-1,3
"Panama",50,9,7,8,4,4,1
"Tunisia",50,9,5,3,1,2,2
"England",50,10,6,4,5,-1,1
"Colombia",50,10,4,2,2,0,2
"Qatar",50,10,4,2,3,-1,3
"New Zealand",50,11,6,8,4,4,1
"Australia",50,11,6,6,4,2,2
"Australia",50,11,6,6,4,2,3
"South Africa",50,12,5,2,1,1,1
"Norway",50,12,4,1,1,0,2
"Poland",51,1,5,7,3,4,1
"South Africa",51,1,5,5,3,2,2
"United States",51,1,3,5,10,-5,3
"Egypt",51,2,7,4,0,4,1
"Mexico",51,2,6,5,5,0,2
"Uzbekistan",51,2,4,3,3,0,3
"Canada",51,3,6,6,3,3,1
"Tunisia",51,3,6,4,5,-1,2
"Ecuador",51,3,4,4,3,1,3
"Senegal",51,4,7,5,0,5,1
"Costa Rica",51,4,5,2,1,1,2
"Cameroon",51,5,9,6,0,6,1
"Japan",51,5,4,4,3,1,2
"Norway",51,6,7,6,2,4,1
"Haiti",51,6,6,7,1,6,2
"Chile",51,6,4,3,6,-3,3
"Nigeria",51,7,9,5,0,5,1
"Panama",51,7,6,4,4,0,2
"Uruguay",51,7,3,3,5,-2,3
"Korea Republic",51,8,7,6,2,4,1
"Switzerland",51,8,6,5,6,-1,2
"Austria",51,9,9,3,0,3,1
"Qatar",51,9,4,3,3,0,2
"Jordan",51,10,5,4,3,1,1
"Jamaica",51,10,3,5,5,0,2
"Argentina",51,10,3,3,3,0,3
"Saudi Arabia",51,11,6,6,3,3,1
"Croatia",51,11,6,2,2,0,2
"England",51,11,4,2,2,0,3
"Morocco",51,12,7,6,1,5,1
"Netherlands",51,12,4,6,5,1,2
"Belgium",51,12,4,5,7,-2,3
"Austria",52,1,7,8,2,6,1
"Egypt",52,1,5,4,2,2,2
"Chile",52,2,7,5,1,4,1
"Australia",52,2,6,4,3,1,2
"Paraguay",52,3,5,6,4,2,1
"Canada",52,3,4,7,5,2,2
"New Zealand",52,3,4,6,7,-1,3
"Haiti",52,4,5,3,1,2,1
"Colombia",52,4,4,3,3,0,2
"Norway",52,4,4,2,3,-1,3
"Scotland",52,5,6,4,3,1,1
"Brazil",52,5,4,4,3,1,2
"Senegal",52,5,4,3,4,-1,3
"Croatia",52,6,9,3,0,3,1
"Jordan",52,6,4,4,1,3,2
"Germany",52,7,5,4,1,3,1
"Qatar",52,7,5,5,3,2,2
"France",52,7,5,4,3,1,3
"Saudi Arabia",52,8,7,6,2,4,1
"Jamaica",52,8,4,4,4,0,2
"Tunisia",52,8,4,3,4,-1,3
"Panama",52,9,6,7,3,4,1
"Argentina",52,9,4,5,5,0,2
"Morocco",52,9,4,3,5,-2,3
"Cameroon",52,10,7,5,2,3,1
"Iran",52,10,6,4,3,1,2
"Switzerland",52,10,4,3,4,-1,3
"Poland",52,11,7,4,2,2,1
"South Africa",52,11,6,4,2,2,2
"Uruguay",52,11,4,2,1,1,3
"Netherlands",52,12,7,3,0,3,1
"Costa Rica",52,12,6,5,3,2,2
"Ghana",53,1,9,7,1,6,1
"Colombia",53,1,3,3,4,-1,2
"United States",53,1,3,1,3,-2,3
"Qatar",53,2,7,5,3,2,1
"Mexico",53,2,5,4,3,1,2
"Norway",53,2,4,1,1,0,3
"South Africa",53,3,7,2,0,2,1
"Germany",53,3,5,1,0,1,2
"Brazil",53,4,6,7,5,2,1
"Jamaica",53,4,4,4,3,1,2
"Saudi Arabia",53,4,4,3,2,1,3
"Costa Rica",53,5,6,4,3,1,1
"Japan",53,5,4,3,2,1,2
"Netherlands",53,5,4,5,6,-1,3
"Panama",53,6,9,10,2,8,1
"Australia",53,6,6,4,2,2,2
"Chile",53,6,3,1,4,-3,3
"Denmark",53,7,9,6,1,5,1
"Haiti",53,7,4,3,3,0,2
"Argentina",53,7,2,3,4,-1,3
"Morocco",53,8,7,3,0,3,1
"Ecuador",53,8,4,3,3,0,2
"Croatia",53,8,3,3,4,-1,3
"Scotland",53,9,7,3,0,3,1
"England",53,9,6,8,3,5,2
"New Zealand",53,10,7,4,1,3,1
"Paraguay",53,10,6,3,1,2,2
"Austria",53,11,6,6,4,2,1
"Uzbekistan",53,11,6,4,3,1,2
"Algeria",53,11,3,3,4,-1,3
"Nigeria",53,12,7,5,2,3,1
"Wales",53,12,5,6,5,1,2
"Morocco",54,1,7,6,4,2,1
"Jordan",54,1,4,6,5,1,2
"Qatar",54,2,7,4,2,2,1
"Algeria",54,2,6,6,2,4,2
"Mexico",54,2,4,5,7,-2,3
"Colombia",54,3,7,6,2,4,1
"Norway",54,3,6,4,3,1,2
"Paraguay",54,4,9,6,1,5,1
"Haiti",54,4,6,5,2,3,2
"Belgium",54,5,6,3,3,0,1
"Ecuador",54,5,5,4,2,2,2
"Germany",54,6,9,7,2,5,1
"Italy",54,6,4,2,4,-2,2
"Nigeria",54,6,3,1,2,-1,3
"Tunisia",54,7,6,3,1,2,1
"New Zealand",54,7,6,4,3,1,2
"Uruguay",54,7,3,5,4,1,3
"Egypt",54,8,5,3,1,2,1
"England",54,8,5,4,3,1,2
"Denmark",54,8,3,5,7,-2,3
"Argentina",54,9,5,4,1,3,1
"Ghana",54,9,3,2,2,0,2
"Croatia",54,9,3,1,1,0,3
"Austria",54,10,6,3,2,1,1
"Jamaica",54,10,4,2,2,0,2
"France",54,10,4,1,1,0,3
"Costa Rica",54,11,6,6,3,3,1
"Scotland",54,11,6,5,4,1,2
"Senegal",54,11,4,4,4,0,3
"Iran",54,12,7,7,2,5,1
"South Africa",54,12,6,5,6,-1,2
"Spain",54,12,4,2,3,-1,3
"Poland",55,1,6,5,2,3,1
"United States",55,1,6,4,2,2,2
"Japan",55,1,3,4,5,-1,3
"Mexico",55,2,7,4,1,3,1
"Switzerland",55,2,4,3,3,0,2
"Uzbekistan",55,2,4,3,4,-1,3
"Paraguay",55,3,5,4,3,1,1
"Senegal",55,3,5,4,3,1,2
"Jamaica",55,4,7,6,1,5,1
"Italy",55,4,4,4,4,0,2
"Ghana",55,4,4,3,5,-2,3
"Australia",55,5,5,8,2,6,1
"England",55,5,5,2,0,2,2
"Haiti",55,5,5,3,2,1,3
"Norway",55,6,5,4,3,1,1
"Austria",55,6,4,3,3,0,2
"Belgium",55,6,4,2,5,-3,3
"Nigeria",55,7,9,8,2,6,1
"Germany",55,7,6,4,3,1,2
"Iran",55,8,5,6,5,1,1
"Tunisia",55,8,4,5,5,0,2
"Portugal",55,8,4,2,2,0,3
"Panama",55,9,6,4,3,1,1
"Croatia",55,9,6,2,2,0,2
"Algeria",55,9,3,2,2,0,3
"Denmark",55,10,7,7,3,4,1
"Argentina",55,10,4,5,7,-2,2
"Qatar",55,10,3,5,5,0,3
"Egypt",55,11,7,2,0,2,1
"Costa Rica",55,11,6,7,2,5,2
"South Africa",55,12,7,5,2,3,1
"Spain",55,12,7,3,0,3,2
"New Zealand",56,1,6,6,3,3,1
"Denmark",56,1,6,6,5,1,2
"Iran",56,1,6,6,6,0,3
"Croatia",56,2,5,5,4,1,1
"Mexico",56,2,4,3,3,0,2
"Saudi Arabia",56,2,3,2,2,0,3
"Canada",56,3,9,10,2,8,1
"Norway",56,3,6,8,5,3,2
"Austria",56,4,5,6,3,3,1
"Algeria",56,4,4,2,4,-2,2
"Panama",56,4,3,5,5,0,3
"Jamaica",56,5,7,8,4,4,1
"Italy",56,5,5,6,5,1,2
"Ghana",56,5,3,4,5,-1,3
"Haiti",56,6,7,5,3,2,1
"Scotland",56,6,5,5,2,3,2
"Senegal",56,6,4,2,2,0,3
"Qatar",56,7,9,5,1,4,1
"Morocco",56,7,4,3,2,1,2
"Tunisia",56,8,6,8,5,3,1
"Costa Rica",56,8,6,8,6,2,2
"Australia",56,8,4,5,7,-2,3
"Netherlands",56,9,6,6,3,3,1
"Jordan",56,9,5,4,3,1,2
"Wales",56,10,9,7,3,4,1
"Argentina",56,10,4,6,7,-1,2
"Cameroon",56,11,7,3,0,3,1
"Spain",56,11,4,5,2,3,2
"Korea Republic",56,11,4,3,3,0,3
"Ecuador",56,12,7,7,3,4,1
"Nigeria",56,12,4,4,5,-1,2
"France",56,12,4,3,4,-1,3
"Denmark",57,1,7,5,1,4,1
"United States",57,1,4,3,4,-1,2
"Korea Republic",57,1,3,3,3,0,3
"Mexico",57,2,7,5,1,4,1
"Poland",57,2,4,4,1,3,2
"Chile",57,3,6,6,3,3,1
"Saudi Arabia",57,3,5,4,2,2,2
"Canada",57,3,4,3,3,0,3
"Spain",57,4,9,3,0,3,1
"Haiti",57,4,4,2,1,1,2
"Panama",57,5,7,5,0,5,1
"France",57,5,5,3,2,1,2
"Wales",57,5,4,4,5,-1,3
"Costa Rica",57,6,9,11,0,11,1
"Brazil",57,6,6,5,8,-3,2
"Egypt",57,6,3,7,3,4,3
"New Zealand",57,7,9,6,1,5,1
"Senegal",57,7,6,3,2,1,2
"Uzbekistan",57,8,6,5,5,0,1
"Uruguay",57,8,4,5,4,1,2
"Switzerland",57,8,4,4,4,0,3
"South Africa",57,9,6,7,2,5,1
"Colombia",57,9,6,3,4,-1,2
"England",57,9,4,1,2,-1,3
"Cameroon",57,10,7,9,2,7,1
"Iran",57,10,6,6,5,1,2
"Netherlands",57,10,4,4,6,-2,3
"Ghana",57,11,6,9,5,4,1
"Jamaica",57,11,4,5,5,0,2
"Croatia",57,11,4,2,4,-2,3
"Portugal",57,12,6,6,7,-1,1
"Jordan",57,12,5,4,1,3,2
"Qatar",58,1,6,7,4,3,1
"United States",58,1,4,5,4,1,2
"Nigeria",58,1,4,5,5,0,3
"Saudi Arabia",58,2,9,4,0,4,1
"Chile",58,2,4,5,2,3,2
"Netherlands",58,3,6,4,3,1,1
"Cameroon",58,3,4,6,4,2,2
"Canada",58,3,4,4,5,-1,3
"South Africa",58,4,9,8,3,5,1
"Iran",58,4,6,3,2,1,2
"Colombia",58,4,3,3,3,0,3
"Germany",58,5,7,3,1,2,1
"England",58,5,6,5,3,2,2
"Costa Rica",58,5,3,2,4,-2,3
"Jordan",58,6,6,6,2,4,1
"Morocco",58,6,6,2,1,1,2
"Poland",58,6,4,2,2,0,3
"Croatia",58,7,7,3,1,2,1
"Jamaica",58,7,4,5,5,0,2
"Uzbekistan",58,7,3,5,4,1,3
"Senegal",58,8,7,7,1,6,1
"Ecuador",58,8,6,5,5,0,2
"Korea Republic",58,9,7,5,1,4,1
"Panama",58,9,6,4,4,0,2
"Uruguay",58,10,7,6,1,5,1
"Haiti",58,10,5,4,1,3,2
"Scotland",58,10,4,1,1,0,3
"New Zealand",58,11,5,2,0,2,1
"Denmark",58,11,4,5,2,3,2
"Egypt",58,11,4,2,4,-2,3
"Wales",58,12,7,5,2,3,1
"Norway",58,12,5,3,2,1,2
"Qatar",59,1,7,5,2,3,1
"Chile",59,1,6,3,3,0,2
"United States",59,1,4,5,5,0,3
"Tunisia",59,2,7,9,3,6,1
"Paraguay",59,2,6,6,4,2,2
"New Zealand",59,2,4,2,2,0,3
"Austria",59,3,5,4,3,1,1
"Ghana",59,3,5,3,2,1,2
"Canada",59,3,3,4,4,0,3
"Haiti",59,4,9,8,2,6,1
"England",59,4,6,3,3,0,2
"Colombia",59,5,6,3,3,0,1
"France",59,5,4,5,4,1,2
"Australia",59,5,4,2,1,1,3
"Panama",59,6,7,6,1,5,1
"Algeria",59,6,6,5,6,-1,2
"Wales",59,6,4,4,4,0,3
"Portugal",59,7,7,6,4,2,1
"Iran",59,7,6,9,7,2,2
"Norway",59,8,7,4,1,3,1
"Senegal",59,8,4,4,4,0,2
"Jordan",59,8,4,2,2,0,3
"Scotland",59,9,7,5,1,4,1
"Saudi Arabia",59,9,7,3,1,2,2
"Uzbekistan",59,10,7,8,3,5,1
"Switzerland",59,10,7,7,3,4,2
"Ecuador",59,11,7,6,4,2,1
"Nigeria",59,11,6,4,3,1,2
"Italy",59,11,3,4,3,1,3
"Jamaica",59,12,6,4,3,1,1
"Spain",59,12,4,2,1,1,2
"Cameroon",59,12,4,4,4,0,3
"Chile",60,1,6,6,3,3,1
"Nigeria",60,1,4,4,3,1,2
"United States",60,1,4,4,5,-1,3
"Mexico",60,2,5,4,3,1,1
"Scotland",60,2,4,6,5,1,2
"Colombia",60,2,4,2,3,-1,3
"Ghana",60,3,4,5,2,3,1
"Canada",60,3,4,6,7,-1,2
"Paraguay",60,3,4,3,5,-2,3
"Iran",60,4,9,4,1,3,1
"Costa Rica",60,4,6,6,2,4,2
"Croatia",60,5,9,8,2,6,1
"Jamaica",60,5,6,4,6,-2,2
"Ecuador",60,5,3,4,4,0,3
"Austria",60,6,9,7,3,4,1
"Australia",60,6,4,7,4,3,2
"Tunisia",60,7,5,3,1,2,1
"Panama",60,7,5,3,2,1,2
"Italy",60,7,3,2,4,-2,3
"Jordan",60,8,9,4,1,3,1
"Switzerland",60,8,6,4,1,3,2
"Algeria",60,8,3,1,3,-2,3
"Haiti",60,9,9,9,2,7,1
"Korea Republic",60,9,6,3,3,0,2
"Germany",60,10,7,5,1,4,1
"Belgium",60,10,4,3,5,-2,2
"Egypt",60,11,6,5,4,1,1
"Portugal",60,11,6,4,4,0,2
"Qatar",60,11,4,5,3,2,3
"Norway",60,12,7,7,4,3,1
"Uzbekistan",60,12,5,5,3,2,2
"Denmark",60,12,4,4,5,-1,3
"Cameroon",61,1,7,8,5,3,1
"Australia",61,1,6,5,5,0,2
"United States",61,1,4,6,6,0,3
"Jordan",61,2,7,4,2,2,1
"Scotland",61,2,5,2,1,1,2
"Denmark",61,2,4,2,2,0,3
"Canada",61,3,7,6,3,3,1
"New Zealand",61,3,4,4,4,0,2
"Austria",61,3,3,3,3,0,3
"England",61,4,7,6,3,3,1
"Japan",61,4,6,5,5,0,2
"Costa Rica",61,5,7,7,1,6,1
"Iran",61,5,6,7,4,3,2
"Senegal",61,6,7,4,2,2,1
"Paraguay",61,6,4,3,3,0,2
"Belgium",61,6,4,2,2,0,3
"Panama",61,7,6,7,5,2,1
"Morocco",61,7,4,6,6,0,2
"Colombia",61,7,4,3,4,-1,3
"Switzerland",61,8,9,4,0,4,1
"Egypt",61,8,4,5,6,-1,2
"Poland",61,9,5,7,4,3,1
"Norway",61,9,4,7,6,1,2
"South Africa",61,9,4,3,4,-1,3
"Qatar",61,10,7,5,2,3,1
"Wales",61,10,5,2,1,1,2
"Italy",61,10,3,5,6,-1,3
"Algeria",61,11,7,5,1,4,1
"Uzbekistan",61,11,6,4,4,0,2
"Croatia",61,11,3,3,4,-1,3
"Ghana",61,12,9,7,1,6,1
"Jamaica",61,12,4,5,6,-1,2
"United States",62,1,7,7,3,4,1
"Ghana",62,1,4,4,6,-2,2
"Poland",62,1,2,3,4,-1,3
"Saudi Arabia",62,2,9,9,2,7,1
"Algeria",62,2,6,7,4,3,2
"Canada",62,3,5,4,3,1,1
"South Africa",62,3,5,4,3,1,2
"Denmark",62,3,4,6,5,1,3
"Qatar",62,4,9,4,1,3,1
"Switzerland",62,4,4,3,3,0,2
"Haiti",62,5,4,5,4,1,1
"Colombia",62,5,4,3,3,0,2
"Iran",62,5,4,3,4,-1,3
"Tunisia",62,6,5,6,3,3,1
"Korea Republic",62,6,5,2,1,1,2
"Costa Rica",62,6,3,3,3,0,3
"Chile",62,7,7,5,2,3,1
"Egypt",62,7,6,5,3,2,2
"Netherlands",62,8,9,6,2,4,1
"Nigeria",62,8,3,4,3,1,2
"Ecuador",62,8,3,5,7,-2,3
"Cameroon",62,9,9,9,3,6,1
"Norway",62,9,6,7,3,4,2
"Jordan",62,10,7,3,1,2,1
"Argentina",62,10,4,2,2,0,2
"Croatia",62,10,3,1,2,-1,3
"Panama",62,11,9,6,2,4,1
"Wales",62,11,6,3,3,0,2
"Brazil",62,11,3,2,2,0,3
"Paraguay",62,12,5,2,1,1,1
"France",62,12,4,3,3,0,2
"Uzbekistan",62,12,3,3,3,0,3
"Netherlands",63,1,7,6,2,4,1
"Australia",63,1,4,5,4,1,2
"United States",63,1,4,2,4,-2,3
"Scotland",63,2,7,4,1,3,1
"Mexico",63,2,4,4,3,1,2
"Ghana",63,2,4,2,2,0,3
"Canada",63,3,6,8,4,4,1
"Germany",63,3,4,5,4,1,2
"Algeria",63,3,4,2,6,-4,3
"Jamaica",63,4,7,3,1,2,1
"Jordan",63,4,4,2,2,0,2
"Austria",63,5,6,6,4,2,1
"Brazil",63,5,4,2,3,-1,2
"Costa Rica",63,5,4,2,5,-3,3
"Denmark",63,6,7,6,1,5,1
"Paraguay",63,6,4,1,2,-1,2
"Haiti",63,6,3,0,0,0,3
"Panama",63,7,9,6,2,4,1
"Iran",63,7,4,3,2,1,2
"Wales",63,8,7,3,1,2,1
"Qatar",63,8,6,3,2,1,2
"Korea Republic",63,9,7,3,1,2,1
"Colombia",63,9,4,5,5,0,2
"France",63,10,5,4,3,1,1
"Saudi Arabia",63,10,4,3,2,1,2
"Nigeria",63,10,4,2,5,-3,3
"Belgium",63,11,6,7,3,4,1
"New Zealand",63,11,6,6,3,3,2
"Switzerland",63,11,3,5,6,-1,3
"South Africa",63,12,5,3,1,2,1
"Poland",63,12,5,2,1,1,2
"Japan",63,12,4,3,3,0,3
"Nigeria",64,1,6,6,3,3,1
"New Zealand",64,1,6,10,8,2,2
"United States",64,1,6,4,4,0,3
"Saudi Arabia",64,2,5,6,2,4,1
"Morocco",64,2,5,2,1,1,2
"Paraguay",64,3,7,6,4,2,1
"Cameroon",64,3,4,4,4,0,2
"Canada",64,3,3,3,3,0,3
"Iran",64,4,7,8,5,3,1
"Tunisia",64,4,7,5,3,2,2
"Korea Republic",64,5,7,3,1,2,1
"Spain",64,5,6,5,4,1,2
"Poland",64,5,4,5,5,0,3
"Chile",64,6,6,4,3,1,1
"South Africa",64,6,4,5,3,2,2
"Jamaica",64,6,4,3,2,1,3
"Costa Rica",64,7,5,4,2,2,1
"Switzerland",64,7,5,4,3,1,2
"Croatia",64,8,7,4,1,3,1
"Australia",64,8,4,1,2,-1,2
"Uruguay",64,8,3,3,3,0,3
"Uzbekistan",64,9,9,5,1,4,1
"Algeria",64,9,4,6,4,2,2
"Colombia",64,9,4,4,4,0,3
"Japan",64,10,9,6,1,5,1
"Senegal",64,10,3,3,4,-1,2
"Wales",64,11,6,6,6,0,1
"Qatar",64,11,4,5,5,0,2
"Belgium",64,11,4,3,3,0,3
"Argentina",64,12,6,7,6,1,1
"Scotland",64,12,5,4,2,2,2
"Jordan",64,12,4,4,4,0,3
"Chile",65,1,5,2,1,1,1
"United States",65,1,4,2,1,1,2
"Saudi Arabia",65,1,3,1,1,0,3
"Paraguay",65,2,6,6,3,3,1
"Mexico",65,2,6,5,3,2,2
"Canada",65,3,9,8,1,7,1
"Qatar",65,3,3,4,6,-2,2
"Colombia",65,4,7,5,3,2,1
"Jamaica",65,4,4,2,2,0,2
"France",65,4,3,4,4,0,3
"Japan",65,5,5,4,3,1,1
"Uruguay",65,5,4,4,4,0,2
"Costa Rica",65,5,4,3,3,0,3
"Panama",65,6,9,3,0,3,1
"Brazil",65,6,2,3,4,-1,2
"Germany",65,7,7,5,2,3,1
"Korea Republic",65,7,4,3,3,0,2
"Ghana",65,7,3,3,4,-1,3
"Australia",65,8,6,7,4,3,1
"Switzerland",65,8,6,4,3,1,2
"Haiti",65,8,4,4,3,1,3
"Jordan",65,9,4,4,2,2,1
"Denmark",65,9,4,4,5,-1,2
"Egypt",65,9,4,2,3,-1,3
"Ecuador",65,10,9,6,3,3,1
"Austria",65,10,4,4,4,0,2
"Scotland",65,10,3,5,3,2,3
"New Zealand",65,11,6,7,2,5,1
"Iran",65,11,6,5,5,0,2
"Spain",65,12,7,3,0,3,1
"Tunisia",65,12,4,2,4,-2,2
"Norway",65,12,3,5,4,1,3
"Qatar",66,1,5,6,3,3,1
"Nigeria",66,1,5,4,3,1,2
"United States",66,1,3,4,7,-3,3
"Saudi Arabia",66,2,7,8,1,7,1
"Morocco",66,2,4,3,6,-3,2
"Netherlands",66,2,3,3,5,-2,3
"Cameroon",66,3,9,9,5,4,1
"Paraguay",66,3,4,7,7,0,2
"Wales",66,3,3,3,5,-2,3
"Switzerland",66,4,5,4,2,2,1
"Uzbekistan",66,4,5,3,2,1,2
"Norway",66,5,7,4,2,2,1
"Tunisia",66,5,4,3,2,1,2
"France",66,5,3,3,4,-1,3
"Uruguay",66,6,6,6,3,3,1
"Egypt",66,6,6,4,2,2,2
"Costa Rica",66,6,6,4,5,-1,3
"Jordan",66,7,9,4,1,3,1
"Croatia",66,7,6,7,4,3,2
"South Africa",66,8,7,2,0,2,1
"Austria",66,8,5,5,2,3,2
"Japan",66,9,9,9,5,4,1
"Chile",66,9,4,5,5,0,2
"Portugal",66,9,4,3,4,-1,3
"Ecuador",66,10,9,8,3,5,1
"Senegal",66,10,6,7,4,3,2
"Scotland",66,11,6,4,2,2,1
"Colombia",66,11,4,4,4,0,2
"Panama",66,11,4,2,3,-1,3
"Korea Republic",66,12,7,7,4,3,1
"Belgium",66,12,4,4,3,1,2
"Ghana",66,12,3,3,3,0,3
"Nigeria",67,1,7,5,3,2,1
"Qatar",67,1,4,2,3,-1,2
"Austria",67,1,3,4,4,0,3
"Norway",67,2,7,8,2,6,1
"Colombia",67,2,4,4,4,0,2
"Korea Republic",67,3,5,4,3,1,1
"Canada",67,3,5,3,2,1,2
"South Africa",67,3,5,3,2,1,3
"Morocco",67,4,7,4,1,3,1
"Saudi Arabia",67,4,4,5,3,2,2
"Jordan",67,5,6,8,4,4,1
"Jamaica",67,5,6,4,2,2,2
"Croatia",67,5,4,2,4,-2,3
"Senegal",67,6,9,8,4,4,1
"Haiti",67,6,6,3,2,1,2
"Costa Rica",67,7,9,10,4,6,1
"Egypt",67,7,4,3,3,0,2
"France",67,7,4,3,5,-2,3
"Uzbekistan",67,8,6,4,2,2,1
"Brazil",67,8,6,5,4,1,2
"Algeria",67,8,3,4,5,-1,3
"Belgium",67,9,9,3,0,3,1
"Scotland",67,9,6,6,2,4,2
"Denmark",67,10,7,7,1,6,1
"Cameroon",67,10,7,5,3,2,2
"England",67,10,3,3,5,-2,3
"Japan",67,11,6,6,5,1,1
"Uruguay",67,11,4,5,4,1,2
"Ghana",67,11,4,4,5,-1,3
"Panama",67,12,7,4,1,3,1
"Chile",67,12,4,4,2,2,2
"Iran",67,12,4,1,3,-2,3
"Korea Republic",68,1,6,3,2,1,1
"United States",68,1,5,3,2,1,2
"Wales",68,1,4,4,3,1,3
"New Zealand",68,2,7,5,1,4,1
"Iran",68,2,5,4,3,1,2
"Jordan",68,3,5,6,3,3,1
"Tunisia",68,3,5,2,1,1,2
"Canada",68,3,4,3,3,0,3
"Qatar",68,4,7,7,3,4,1
"Germany",68,4,6,5,5,0,2
"Brazil",68,4,3,4,3,1,3
"Egypt",68,5,6,5,3,2,1
"Saudi Arabia",68,5,5,3,1,2,2
"Haiti",68,6,9,8,1,7,1
"Portugal",68,6,6,4,6,-2,2
"Senegal",68,6,3,4,3,1,3
"Panama",68,7,7,6,2,4,1
"Netherlands",68,7,7,4,2,2,2
"Costa Rica",68,8,6,5,2,3,1
"Australia",68,8,6,4,3,1,2
"Switzerland",68,8,4,3,3,0,3
"Italy",68,9,7,6,2,4,1
"Algeria",68,9,5,5,4,1,2
"Austria",68,9,4,5,4,1,3
"Belgium",68,10,6,7,5,2,1
"Morocco",68,10,4,4,3,1,2
"Uzbekistan",68,10,4,4,5,-1,3
"Jamaica",68,11,7,4,1,3,1
"Ghana",68,11,6,4,2,2,2
"South Africa",68,12,6,4,2,2,1
"Poland",68,12,6,4,3,1,2
"France",68,12,4,5,5,0,3
"United States",69,1,5,6,4,2,1
"Tunisia",69,1,5,5,3,2,2
"Ecuador",69,1,5,5,4,1,3
"Colombia",69,2,9,4,1,3,1
"Uzbekistan",69,2,4,4,2,2,2
"South Africa",69,3,7,4,1,3,1
"Croatia",69,3,4,1,2,-1,2
"Canada",69,3,3,4,5,-1,3
"Wales",69,4,7,4,0,4,1
"Jamaica",69,4,6,9,5,4,2
"Australia",69,5,6,4,3,1,1
"Brazil",69,5,4,2,2,0,2
"Panama",69,5,4,2,2,0,3
"Haiti",69,6,9,8,1,7,1
"Switzerland",69,6,6,3,3,0,2
"Paraguay",69,7,7,5,2,3,1
"Qatar",69,7,5,4,2,2,2
"Netherlands",69,7,4,3,4,-1,3
"Scotland",69,8,5,8,3,5,1
"Costa Rica",69,8,5,5,3,2,2
"Japan",69,9,6,9,4,5,1
"France",69,9,6,3,2,1,2
"Denmark",69,9,3,4,7,-3,3
"Uruguay",69,10,4,5,4,1,1
"Korea Republic",69,10,4,3,3,0,2
"Austria",69,10,4,3,4,-1,3
"Belgium",69,11,6,6,5,1,1
"Saudi Arabia",69,11,4,5,5,0,2
"Nigeria",69,11,4,3,3,0,3
"Jordan",69,12,7,6,2,4,1
"Germany",69,12,4,4,4,0,2
"Egypt",69,12,4,2,2,0,3
"Ghana",70,1,7,5,1,4,1
"United States",70,1,6,2,2,0,2
"Tunisia",70,2,5,2,1,1,1
"Ecuador",70,2,4,5,5,0,2
"Mexico",70,2,3,4,4,0,3
"Cameroon",70,3,9,5,1,4,1
"Germany",70,3,4,4,4,0,2
"Jamaica",70,4,7,4,1,3,1
"Uzbekistan",70,4,6,5,3,2,2
"Switzerland",70,4,4,2,2,0,3
"Croatia",70,5,6,5,2,3,1
"Panama",70,5,6,4,3,1,2
"Scotland",70,5,4,2,2,0,3
"England",70,6,6,3,3,0,1
"Chile",70,6,4,3,3,0,2
"Egypt",70,6,4,2,2,0,3
"Poland",70,7,7,4,2,2,1
"Saudi Arabia",70,7,6,6,4,2,2
"Jordan",70,8,4,4,3,1,1
"Argentina",70,8,4,3,3,0,2
"Wales",70,8,4,1,1,0,3
"Austria",70,9,6,5,3,2,1
"Iran",70,9,6,3,2,1,2
"South Africa",70,9,4,1,2,-1,3
"Nigeria",70,10,6,4,2,2,1
"Costa Rica",70,10,5,3,2,1,2
"Colombia",70,10,4,2,2,0,3
"Algeria",70,11,7,5,1,4,1
"New Zealand",70,11,4,4,6,-2,2
"Uruguay",70,11,3,4,5,-1,3
"Haiti",70,12,9,7,0,7,1
"Senegal",70,12,2,1,2,-1,2
"United States",71,1,9,8,2,6,1
"Ghana",71,1,4,2,3,-1,2
"Korea Republic",71,1,3,3,5,-2,3
"Denmark",71,2,7,6,1,5,1
"Mexico",71,2,6,8,4,4,2
"Canada",71,3,5,6,1,5,1
"Morocco",71,3,5,5,2,3,2
"Saudi Arabia",71,3,5,4,3,1,3
"Costa Rica",71,4,7,5,2,3,1
"Japan",71,4,4,3,3,0,2
"Portugal",71,4,4,3,4,-1,3
"Panama",71,5,6,5,1,4,1
"Algeria",71,5,6,5,7,-2,2
"Poland",71,5,4,2,2,0,3
"Australia",71,6,6,4,1,3,1
"Tunisia",71,6,6,3,3,0,2
"Uruguay",71,6,4,2,2,0,3
"Belgium",71,7,7,4,1,3,1
"Cameroon",71,7,4,3,2,1,2
"Jamaica",71,7,4,2,2,0,3
"Jordan",71,8,7,11,1,10,1
"Norway",71,8,4,3,2,1,2
"Italy",71,8,4,1,7,-6,3
"Senegal",71,9,7,8,2,6,1
"New Zealand",71,9,4,5,4,1,2
"Paraguay",71,10,9,6,2,4,1
"Austria",71,10,4,2,2,0,2
"Ecuador",71,11,5,4,2,2,1
"Switzerland",71,11,4,2,3,-1,2
"Egypt",71,11,3,3,3,0,3
"South Africa",71,12,7,7,3,4,1
"Wales",71,12,7,3,1,2,2
"Cameroon",72,1,7,4,2,2,1
"Japan",72,1,6,6,4,2,2
"United States",72,1,4,3,2,1,3
"Senegal",72,2,5,6,3,3,1
"Uzbekistan",72,2,5,4,1,3,2
"Paraguay",72,2,4,5,7,-2,3
"Canada",72,3,6,4,4,0,1
"Qatar",72,3,4,4,3,1,2
"Qatar",72,3,4,4,3,1,3
"South Africa",72,4,6,10,3,7,1
"Korea Republic",72,4,6,8,5,3,2
"Portugal",72,5,7,3,0,3,1
"Jordan",72,5,4,3,2,1,2
"Nigeria",72,6,7,5,2,3,1
"New Zealand",72,6,5,2,0,2,2
"Haiti",72,7,9,9,2,7,1
"Egypt",72,7,6,2,3,-1,2
"Belgium",72,7,3,5,6,-1,3
"Iran",72,8,7,7,3,4,1
"Tunisia",72,8,5,6,2,4,2
"France",72,8,4,3,2,1,3
"Costa Rica",72,9,5,3,1,2,1
"Uruguay",72,9,4,4,2,2,2
"Germany",72,9,4,2,3,-1,3
"Saudi Arabia",72,10,7,4,2,2,1
"Colombia",72,10,4,3,3,0,2
"Morocco",72,10,3,2,3,-1,3
"Ghana",72,11,6,5,4,1,1
"Brazil",72,11,6,4,4,0,2
"Australia",72,11,3,5,5,0,3
"Norway",72,12,7,5,1,4,1
"Panama",72,12,4,4,2,2,2
"United States",73,1,5,5,3,2,1
"New Zealand",73,1,3,3,3,0,2
"Senegal",73,1,3,2,2,0,3
"Mexico",73,2,7,4,2,2,1
"Egypt",73,2,6,5,2,3,2
"Ecuador",73,2,4,3,5,-2,3
"Ghana",73,3,5,3,1,2,1
"Colombia",73,3,5,3,2,1,2
"Japan",73,3,4,3,3,0,3
"Wales",73,4,6,5,4,1,1
"Morocco",73,4,5,5,3,2,2
"Haiti",73,4,4,4,4,0,3
"Netherlands",73,5,6,3,2,1,1
"Qatar",73,5,4,2,2,0,2
"Portugal",73,5,4,1,3,-2,3
"Costa Rica",73,6,7,4,2,2,1
"Korea Republic",73,6,6,6,4,2,2
"South Africa",73,7,6,6,3,3,1
"Uruguay",73,7,5,6,4,2,2
"Uzbekistan",73,8,6,6,3,3,1
"Italy",73,8,4,3,2,1,2
"Algeria",73,8,4,2,4,-2,3
"Tunisia",73,9,7,6,2,4,1
"Panama",73,9,7,5,2,3,2
"Australia",73,9,3,3,4,-1,3
"Jamaica",73,10,7,4,0,4,1
"Jordan",73,10,5,3,2,1,2
"France",73,11,6,2,2,0,1
"Nigeria",73,11,4,3,3,0,2
"Saudi Arabia",73,11,4,3,3,0,3
"Cameroon",73,12,7,5,2,3,1
"England",73,12,7,5,2,3,2
"Iran",74,1,9,6,1,5,1
"Ecuador",74,1,4,2,2,0,2
"Tunisia",74,1,3,3,5,-2,3
"Qatar",74,2,9,8,1,7,1
"Chile",74,2,4,5,3,2,2
"Scotland",74,3,9,6,3,3,1
"Canada",74,3,4,4,1,3,2
"Wales",74,3,4,3,1,2,3
"Nigeria",74,4,6,6,3,3,1
"Uruguay",74,4,5,5,2,3,2
"Croatia",74,4,4,4,4,0,3
"Uzbekistan",74,5,9,6,2,4,1
"Senegal",74,5,4,4,4,0,2
"Colombia",74,6,7,8,3,5,1
"Portugal",74,6,7,3,1,2,2
"Panama",74,7,6,5,3,2,1
"Belgium",74,7,6,3,5,-2,2
"Switzerland",74,7,3,5,3,2,3
"Egypt",74,8,7,5,2,3,1
"Costa Rica",74,8,6,4,4,0,2
"Netherlands",74,8,4,3,3,0,3
"Germany",74,9,5,4,3,1,1
"New Zealand",74,9,4,5,4,1,2
"Japan",74,9,4,4,4,0,3
"Denmark",74,10,5,2,0,2,1
"Jordan",74,10,4,5,4,1,2
"Algeria",74,10,4,6,6,0,3
"Argentina",74,11,5,4,3,1,1
"Ghana",74,11,5,3,2,1,2
"Korea Republic",74,11,3,2,2,0,3
"England",74,12,7,9,4,5,1
"Poland",74,12,7,4,1,3,2
"Netherlands",75,1,6,3,3,0,1
"United States",75,1,5,2,0,2,2
"Jordan",75,1,4,3,3,0,3
"New Zealand",75,2,7,7,3,4,1
"Australia",75,2,5,8,4,4,2
"Canada",75,3,9,6,0,6,1
"Colombia",75,3,6,4,5,-1,2
"Jamaica",75,4,7,4,0,4,1
"Ecuador",75,4,6,4,2,2,2
"Wales",75,4,3,4,4,0,3
"Haiti",75,5,5,5,4,1,1
"Paraguay",75,5,5,4,3,1,2
"Morocco",75,6,6,5,2,3,1
"Costa Rica",75,6,6,3,2,1,2
"Italy",75,6,4,4,5,-1,3
"Iran",75,7,5,3,2,1,1
"Ghana",75,7,4,4,3,1,2
"Denmark",75,7,4,2,1,1,3
"Tunisia",75,8,6,8,4,4,1
"Spain",75,8,6,6,4,2,2
"Japan",75,8,4,4,7,-3,3
"Poland",75,9,5,4,3,1,1
"Egypt",75,9,5,3,2,1,2
"Uzbekistan",75,9,4,6,3,3,3
"Saudi Arabia",75,10,9,6,1,5,1
"Chile",75,10,6,4,5,-1,2
"Korea Republic",75,11,6,7,3,4,1
"South Africa",75,11,5,2,0,2,2
"Croatia",75,11,4,2,3,-1,3
"Portugal",75,12,7,7,1,6,1
"Norway",75,12,5,5,4,1,2
"Cameroon",75,12,4,3,5,-2,3
"Egypt",76,1,6,6,4,2,1
"Colombia",76,1,4,4,2,2,2
"United States",76,1,4,2,3,-1,3
"Austria",76,2,6,4,3,1,1
"Paraguay",76,2,6,4,3,1,2
"Saudi Arabia",76,2,6,3,2,1,3
"Scotland",76,3,9,6,3,3,1
"Senegal",76,3,4,5,5,0,2
"Algeria",76,4,6,7,3,4,1
"Wales",76,4,6,3,3,0,2
"Haiti",76,4,4,6,6,0,3
"Morocco",76,5,7,5,3,2,1
"Germany",76,5,4,5,3,2,2
"Uruguay",76,5,4,2,4,-2,3
"Costa Rica",76,6,5,8,3,5,1
"Norway",76,6,5,3,2,1,2
"Belgium",76,6,4,4,8,-4,3
"Korea Republic",76,7,9,10,3,7,1
"Switzerland",76,7,4,4,5,-1,2
"Netherlands",76,8,9,6,1,5,1
"England",76,8,6,4,1,3,2
"New Zealand",76,9,9,5,1,4,1
"Nigeria",76,9,6,4,2,2,2
"Argentina",76,9,3,1,2,-1,3
"Ecuador",76,10,7,5,3,2,1
"Spain",76,10,6,9,4,5,2
"Ghana",76,11,9,4,0,4,1
"Japan",76,11,4,4,4,0,2
"Italy",76,11,3,5,3,2,3
"Poland",76,12,6,6,2,4,1
"Jordan",76,12,4,4,5,-1,2
"Jordan",76,12,4,4,5,-1,3
"Australia",77,1,7,4,1,3,1
"United States",77,1,6,5,4,1,2
"Saudi Arabia",77,2,9,6,2,4,1
"Austria",77,2,4,4,3,1,2
"Egypt",77,2,4,1,1,0,3
"Netherlands",77,3,6,6,3,3,1
"Uzbekistan",77,3,4,5,5,0,2
"Algeria",77,3,4,4,5,-1,3
"Panama",77,4,6,6,4,2,1
"Morocco",77,4,4,7,5,2,2
"England",77,4,4,4,6,-2,3
"Korea Republic",77,5,5,5,2,3,1
"Haiti",77,5,5,3,2,1,2
"Brazil",77,5,4,6,7,-1,3
"New Zealand",77,6,5,6,2,4,1
"Nigeria",77,6,3,3,3,0,2
"Nigeria",77,6,3,3,3,0,3
"Argentina",77,7,4,6,4,2,1
"Iran",77,7,4,4,4,0,2
"Tunisia",77,7,4,2,2,0,3
"Cameroon",77,8,7,4,1,3,1
"Chile",77,8,4,3,3,0,2
"France",77,8,4,2,3,-1,3
"Wales",77,9,7,3,1,2,1
"Qatar",77,9,5,4,2,2,2
"Jordan",77,10,5,4,0,4,1
"Switzerland",77,10,5,3,1,2,2
"Poland",77,11,7,3,0,3,1
"South Africa",77,11,6,4,2,2,2
"Denmark",77,12,5,5,3,2,1
"Norway",77,12,5,4,2,2,2
"Ghana",77,12,3,4,6,-2,3
"Norway",78,1,5,4,2,2,1
"Ecuador",78,1,4,3,2,1,2
"Germany",78,1,4,2,3,-1,3
"New Zealand",78,2,6,6,3,3,1
"Tunisia",78,2,6,3,3,0,2
"Iran",78,2,4,3,2,1,3
"Austria",78,3,9,6,1,5,1
"Paraguay",78,3,6,6,3,3,2
"Qatar",78,4,7,2,0,2,1
"Algeria",78,4,6,2,1,1,2
"Denmark",78,4,4,2,2,0,3
"Australia",78,5,6,9,3,6,1
"Costa Rica",78,5,6,3,2,1,2
"Chile",78,6,9,9,1,8,1
"Egypt",78,6,3,4,5,-1,2
"Jamaica",78,7,7,5,2,3,1
"Ghana",78,7,5,4,2,2,2
"Wales",78,7,4,3,3,0,3
"Cameroon",78,8,9,5,2,3,1
"Japan",78,8,4,5,4,1,2
"Portugal",78,8,4,2,2,0,3
"Scotland",78,9,6,8,5,3,1
"Panama",78,9,5,5,4,1,2
"Belgium",78,9,4,7,7,0,3
"Morocco",78,10,9,9,3,6,1
"Netherlands",78,10,4,6,6,0,2
"Haiti",78,10,4,4,5,-1,3
"Uzbekistan",78,11,7,5,2,3,1
"Nigeria",78,11,4,8,6,2,2
"Italy",78,11,4,5,8,-3,3
"Uruguay",78,12,7,4,2,2,1
"South Africa",78,12,6,7,1,6,2
"United States",79,1,7,4,1,3,1
"Iran",79,1,4,3,4,-1,2
"New Zealand",79,1,3,6,5,1,3
"Uzbekistan",79,2,7,3,1,2,1
"Mexico",79,2,4,2,2,0,2
"Algeria",79,2,3,0,0,0,3
"Egypt",79,3,5,2,0,2,1
"Jordan",79,3,5,2,1,1,2
"Wales",79,3,3,2,2,0,3
"South Africa",79,4,9,4,1,3,1
"Denmark",79,4,4,3,3,0,2
"Norway",79,4,4,2,2,0,3
"Panama",79,5,9,8,3,5,1
"Argentina",79,5,6,3,2,1,2
"Ghana",79,6,6,5,2,3,1
"Scotland",79,6,6,4,2,2,2
"Uruguay",79,6,6,3,2,1,3
"Italy",79,7,7,8,2,6,1
"Haiti",79,7,5,5,2,3,2
"Australia",79,7,4,5,6,-1,3
"Japan",79,8,7,4,2,2,1
"Cameroon",79,8,4,4,3,1,2
"Costa Rica",79,9,6,7,3,4,1
"Colombia",79,9,6,8,7,1,2
"Korea Republic",79,9,4,2,2,0,3
"Qatar",79,10,5,3,2,1,1
"Spain",79,10,4,5,4,1,2
"Chile",79,10,4,4,5,-1,3
"Ecuador",79,11,9,4,0,4,1
"Senegal",79,11,6,3,3,0,2
"Portugal",79,12,9,5,2,3,1
"Saudi Arabia",79,12,4,4,3,1,2
"Saudi Arabia",80,1,5,6,3,3,1
"United States",80,1,4,3,2,1,2
"Croatia",80,1,4,5,6,-1,3
"Mexico",80,2,9,10,3,7,1
"Poland",80,2,6,6,5,1,2
"Ghana",80,2,3,2,3,-1,3
"New Zealand",80,3,6,6,4,2,1
"Canada",80,3,4,5,4,1,2
"Wales",80,3,4,5,4,1,3
"Argentina",80,4,3,3,3,0,1
"Qatar",80,4,3,3,3,0,2
"Tunisia",80,4,3,2,2,0,3
"Chile",80,5,7,6,1,5,1
"Portugal",80,5,4,1,1,0,2
"Costa Rica",80,6,9,5,1,4,1
"Spain",80,6,4,4,3,1,2
"Switzerland",80,6,3,3,5,-2,3
"Netherlands",80,7,7,4,2,2,1
"Ecuador",80,7,5,6,5,1,2
"Cameroon",80,8,7,3,1,2,1
"Brazil",80,8,6,2,1,1,2
"Uzbekistan",80,9,6,5,4,1,1
"Italy",80,9,6,4,3,1,2
"Morocco",80,9,6,2,1,1,3
"Jordan",80,10,7,5,3,2,1
"Austria",80,10,5,4,2,2,2
"Nigeria",80,10,4,4,4,0,3
"France",80,11,5,3,1,2,1
"Algeria",80,11,3,2,2,0,2
"Algeria",80,11,3,2,2,0,3
"Korea Republic",80,12,9,8,2,6,1
"Haiti",80,12,6,4,5,-1,2
"Senegal",81,1,5,5,4,1,1
"Ecuador",81,1,4,4,4,0,2
"Iran",81,1,4,1,1,0,3
"Algeria",81,2,9,6,2,4,1
"Mexico",81,2,3,3,3,0,2
"Nigeria",81,3,6,5,2,3,1
"New Zealand",81,3,6,3,2,1,2
"Colombia",81,3,3,3,4,-1,3
"Norway",81,4,9,4,1,3,1
"Tunisia",81,4,6,3,2,1,2
"Uzbekistan",81,4,3,3,3,0,3
"Brazil",81,5,7,5,2,3,1
"Ghana",81,5,4,3,2,1,2
"Korea Republic",81,5,4,3,3,0,3
"Cameroon",81,6,9,6,2,4,1
"Jamaica",81,6,6,5,3,2,2
"Spain",81,7,7,7,3,4,1
"Haiti",81,7,4,3,3,0,2
"Morocco",81,7,3,6,6,0,3
"Scotland",81,8,9,8,1,7,1
"Portugal",81,8,6,3,2,1,2
"Australia",81,9,5,4,2,2,1
"South Africa",81,9,4,6,5,1,2
"Argentina",81,9,4,2,3,-1,3
"Paraguay",81,10,6,5,3,2,1
"Panama",81,10,5,4,3,1,2
"France",81,10,4,2,3,-1,3
"England",81,11,9,4,1,3,1
"Austria",81,11,6,7,4,3,2
"Costa Rica",81,11,3,5,5,0,3
"Italy",81,12,6,5,2,3,1
"Jordan",81,12,5,2,1,1,2
"South Africa",82,1,6,7,3,4,1
"United States",82,1,6,5,4,1,2
"Paraguay",82,1,6,3,3,0,3
"Mexico",82,2,5,4,3,1,1
"Ghana",82,2,4,3,2,1,2
"Chile",82,2,4,2,3,-1,3
"Ecuador",82,3,9,5,1,4,1
"Canada",82,3,6,5,2,3,2
"Portugal",82,4,5,2,0,2,1
"Jamaica",82,4,4,4,3,1,2
"Saudi Arabia",82,4,4,3,4,-1,3
"Uruguay",82,5,6,5,3,2,1
"Iran",82,5,5,5,3,2,2
"Haiti",82,5,4,3,2,1,3
"Wales",82,6,6,9,4,5,1
"Panama",82,6,4,5,4,1,2
"Korea Republic",82,6,4,2,2,0,3
"Egypt",82,7,7,9,3,6,1
"Italy",82,7,5,4,2,2,2
"England",82,8,7,7,3,4,1
"New Zealand",82,8,4,3,2,1,2
"France",82,9,5,4,3,1,1
"Uzbekistan",82,9,5,3,2,1,2
"Algeria",82,9,4,4,4,0,3
"Senegal",82,10,7,7,5,2,1
"Qatar",82,10,5,6,5,1,2
"Scotland",82,10,4,6,6,0,3
"Morocco",82,11,9,4,1,3,1
"Jordan",82,11,4,5,1,4,2
"Colombia",82,12,7,6,2,4,1
"Cameroon",82,12,4,5,4,1,2
"Spain",82,12,4,3,3,0,3
"United States",83,1,6,5,4,1,1
"Egypt",83,1,6,4,3,1,2
"Germany",83,1,3,4,5,-1,3
"Ecuador",83,2,7,5,3,2,1
"Austria",83,2,5,3,2,1,2
"Cameroon",83,3,9,10,2,8,1
"Canada",83,3,6,7,4,3,2
"Ghana",83,4,5,5,3,2,1
"Jamaica",83,4,5,3,2,1,2
"Scotland",83,5,7,5,3,2,1
"Wales",83,5,4,5,5,0,2
"Argentina",83,5,3,5,5,0,3
"Japan",83,6,9,3,0,3,1
"Italy",83,6,4,3,2,1,2
"Netherlands",83,6,4,2,2,0,3
"Croatia",83,7,6,4,3,1,1
"England",83,7,4,4,2,2,2
"Haiti",83,7,4,4,6,-2,3
"New Zealand",83,8,5,7,5,2,1
"Brazil",83,8,3,4,4,0,2
"Iran",83,8,3,4,4,0,3
"Tunisia",83,9,7,4,2,2,1
"Jordan",83,9,6,6,3,3,2
"Portugal",83,10,7,4,2,2,1
"Morocco",83,10,4,6,3,3,2
"Uzbekistan",83,10,4,3,4,-1,3
"Saudi Arabia",83,11,6,7,2,5,1
"Spain",83,11,4,2,3,-1,2
"Nigeria",83,11,4,4,6,-2,3
"Poland",83,12,7,9,4,5,1
"Paraguay",83,12,4,3,3,0,2
"South Africa",83,12,3,2,2,0,3
"Egypt",84,1,7,3,1,2,1
"Croatia",84,1,5,6,3,3,2
"Norway",84,2,9,7,0,7,1
"Tunisia",84,2,4,4,4,0,2
"Mexico",84,2,3,3,6,-3,3
"Cameroon",84,3,5,4,3,1,1
"Denmark",84,3,5,2,1,1,2
"Canada",84,3,4,3,3,0,3
"Haiti",84,4,6,6,2,4,1
"Japan",84,4,6,4,5,-1,2
"Italy",84,4,4,2,3,-1,3
"Uzbekistan",84,5,7,8,5,3,1
"England",84,5,5,7,6,1,2
"Ghana",84,6,7,8,5,3,1
"Scotland",84,6,4,5,4,1,2
"New Zealand",84,7,6,5,1,4,1
"Morocco",84,7,4,2,3,-1,2
"Argentina",84,7,4,2,4,-2,3
"Korea Republic",84,8,6,5,3,2,1
"Uruguay",84,8,6,2,1,1,2
"Costa Rica",84,8,3,4,5,-1,3
"Panama",84,9,5,4,1,3,1
"Netherlands",84,9,5,3,2,1,2
"Australia",84,9,4,3,3,0,3
"Qatar",84,10,7,5,0,5,1
"Algeria",84,10,7,3,1,2,2
"Colombia",84,11,5,4,2,2,1
"South Africa",84,11,5,2,1,1,2
"Jamaica",84,11,3,2,4,-2,3
"France",84,12,7,4,2,2,1
"Iran",84,12,5,5,3,2,2
"Switzerland",84,12,3,1,3,-2,3
"Iran",85,1,9,8,2,6,1
"United States",85,1,4,4,4,0,2
"Tunisia",85,2,5,2,0,2,1
"Norway",85,2,4,3,4,-1,2
"Mexico",85,2,3,3,3,0,3
"Saudi Arabia",85,3,7,4,1,3,1
"Canada",85,3,5,4,2,2,2
"Chile",85,3,4,4,4,0,3
"Uruguay",85,4,6,7,5,2,1
"Haiti",85,4,5,4,3,1,2
"Algeria",85,4,4,3,3,0,3
"Switzerland",85,5,7,8,3,5,1
"Ghana",85,5,4,4,3,1,2
"Cameroon",85,6,5,7,4,3,1
"Netherlands",85,6,5,4,3,1,2
"Egypt",85,7,6,6,3,3,1
"Italy",85,7,6,6,4,2,2
"Scotland",85,8,9,7,0,7,1
"Wales",85,8,4,4,2,2,2
"Uzbekistan",85,8,4,2,2,0,3
"Nigeria",85,9,9,6,3,3,1
"Qatar",85,9,4,4,2,2,2
"Argentina",85,9,4,3,1,2,3
"Portugal",85,10,6,3,2,1,1
"Panama",85,10,4,8,5,3,2
"Korea Republic",85,10,4,5,5,0,3
"Jordan",85,11,7,4,2,2,1
"Paraguay",85,11,5,2,1,1,2
"Germany",85,11,4,5,4,1,3
"Australia",85,12,6,3,1,2,1
"Belgium",85,12,5,1,0,1,2
"Ecuador",85,12,4,2,2,0,3
"United States",86,1,9,5,2,3,1
"Uzbekistan",86,1,3,5,5,0,2
"Colombia",86,1,3,5,6,-1,3
"Cameroon",86,2,7,6,1,5,1
"Chile",86,2,6,5,1,4,2
"Canada",86,3,7,5,2,3,1
"New Zealand",86,3,4,2,2,0,2
"Poland",86,4,7,4,1,3,1
"Qatar",86,4,7,2,0,2,2
"Japan",86,5,6,6,4,2,1
"Panama",86,5,6,5,3,2,2
"Croatia",86,6,6,6,1,5,1
"Egypt",86,6,6,5,4,1,2
"Haiti",86,6,6,4,4,0,3
"Austria",86,7,5,6,3,3,1
"Costa Rica",86,7,4,4,4,0,2
"Belgium",86,7,4,4,5,-1,3
"Jordan",86,8,7,5,2,3,1
"Senegal",86,8,4,6,6,0,2
"Scotland",86,8,4,2,2,0,3
"Wales",86,9,7,4,1,3,1
"Saudi Arabia",86,9,4,5,4,1,2
"Spain",86,9,4,6,6,0,3
"Ghana",86,10,7,4,2,2,1
"Iran",86,10,4,2,2,0,2
"Uruguay",86,10,3,4,4,0,3
"Australia",86,11,5,5,3,2,1
"Ecuador",86,11,3,3,3,0,2
"Netherlands",86,11,3,2,2,0,3
"Italy",86,12,6,6,5,1,1
"Denmark",86,12,5,5,4,1,2
"Paraguay",86,12,4,2,2,0,3
"Saudi Arabia",87,1,6,5,3,2,1
"United States",87,1,5,1,0,1,2
"Algeria",87,1,4,1,2,-1,3
"Korea Republic",87,2,7,8,5,3,1
"Ecuador",87,2,6,8,3,5,2
"Norway",87,3,9,7,1,6,1
"Canada",87,3,4,2,2,0,2
"Egypt",87,4,6,6,2,4,1
"Germany",87,4,6,5,3,2,2
"Spain",87,4,4,2,2,0,3
"Australia",87,5,7,3,0,3,1
"Haiti",87,5,5,4,2,2,2
"Uzbekistan",87,6,9,5,2,3,1
"Tunisia",87,6,4,4,4,0,2
"Scotland",87,6,4,2,2,0,3
"Iran",87,7,9,9,1,8,1
"South Africa",87,7,6,6,4,2,2
"Netherlands",87,7,3,5,9,-4,3
"Switzerland",87,8,7,5,2,3,1
"Paraguay",87,8,4,4,3,1,2
"Qatar",87,8,4,3,2,1,3
"Costa Rica",87,9,9,7,0,7,1
"Morocco",87,9,6,5,2,3,2
"Austria",87,9,3,1,4,-3,3
"Cameroon",87,10,9,5,0,5,1
"Italy",87,10,6,5,3,2,2
"Croatia",87,10,3,2,3,-1,3
"Jordan",87,11,9,7,3,4,1
"Brazil",87,11,6,5,3,2,2
"Portugal",87,12,6,7,5,2,1
"Colombia",87,12,6,5,4,1,2
"New Zealand",87,12,3,5,4,1,3
"United States",88,1,5,5,4,1,1
"Iran",88,1,4,3,3,0,2
"Ghana",88,1,3,1,1,0,3
"Japan",88,2,9,5,2,3,1
"Mexico",88,2,3,3,4,-1,2
"Tunisia",88,2,3,2,3,-1,3
"Canada",88,3,7,3,1,2,1
"Netherlands",88,3,4,2,2,0,2
"Norway",88,4,9,7,3,4,1
"Panama",88,4,4,4,4,0,2
"Poland",88,4,4,3,3,0,3
"Switzerland",88,5,7,3,0,3,1
"Australia",88,5,5,2,1,1,2
"South Africa",88,5,3,3,3,0,3
"Costa Rica",88,6,7,7,3,4,1
"Egypt",88,6,7,5,2,3,2
"Uzbekistan",88,7,9,5,1,4,1
"Portugal",88,7,6,5,4,1,2
"Morocco",88,7,3,4,3,1,3
"New Zealand",88,8,7,2,0,2,1
"Jamaica",88,8,6,9,3,6,2
"Haiti",88,9,7,7,5,2,1
"Chile",88,9,7,4,2,2,2
"Italy",88,9,3,4,5,-1,3
"England",88,10,7,5,2,3,1
"Senegal",88,10,4,4,2,2,2
"Jordan",88,10,3,2,2,0,3
"Qatar",88,11,7,5,3,2,1
"Nigeria",88,11,4,7,4,3,2
"Argentina",88,11,4,5,5,0,3
"Korea Republic",88,12,9,7,3,4,1
"Cameroon",88,12,4,2,2,0,2
"United States",89,1,7,6,2,4,1
"Switzerland",89,1,6,5,3,2,2
"Norway",89,2,6,9,3,6,1
"Mexico",89,2,5,6,5,1,2
"Cameroon",89,2,4,6,5,1,3
"Canada",89,3,6,4,3,1,1
"Paraguay",89,3,4,3,3,0,2
"Netherlands",89,3,4,4,5,-1,3
"Spain",89,4,4,4,3,1,1
"Jamaica",89,4,4,4,4,0,2
"Jamaica",89,4,4,4,4,0,3
"England",89,5,7,4,2,2,1
"Egypt",89,5,6,5,4,1,2
"Denmark",89,5,3,2,3,-1,3
"Costa Rica",89,6,6,3,1,2,1
"Austria",89,6,5,4,3,1,2
"Morocco",89,6,4,6,2,4,3
"Saudi Arabia",89,7,7,8,1,7,1
"Nigeria",89,7,7,5,1,4,2
"Ecuador",89,8,7,5,3,2,1
"Belgium",89,8,4,4,3,1,2
"Iran",89,8,3,2,4,-2,3
"Argentina",89,9,7,2,0,2,1
"Jordan",89,9,4,2,2,0,2
"Australia",89,10,7,4,2,2,1
"Chile",89,10,6,5,2,3,2
"Wales",89,11,7,4,1,3,1
"Italy",89,11,6,3,2,1,2
"Panama",89,11,4,2,1,1,3
"Haiti",89,12,7,4,1,3,1
"Tunisia",89,12,5,4,3,1,2
"Scotland",89,12,4,3,4,-1,3
"Tunisia",90,1,7,5,2,3,1
"United States",90,1,6,3,3,0,2
"Egypt",90,2,5,3,1,2,1
"Jordan",90,2,4,5,3,2,2
"Mexico",90,2,4,2,4,-2,3
"Denmark",90,3,6,5,3,2,1
"South Africa",90,3,4,3,2,1,2
"Japan",90,3,4,3,4,-1,3
"Ghana",90,4,7,3,1,2,1
"Croatia",90,4,6,3,1,2,2
"Jamaica",90,4,4,2,2,0,3
"Saudi Arabia",90,5,6,6,2,4,1
"France",90,5,4,4,4,0,2
"Morocco",90,5,4,3,4,-1,3
"Germany",90,6,7,7,3,4,1
"Italy",90,6,4,4,3,1,2
"Haiti",90,6,4,3,4,-1,3
"Argentina",90,7,5,2,1,1,1
"Cameroon",90,7,5,2,1,1,2
"Netherlands",90,7,4,3,3,0,3
"Senegal",90,8,7,6,4,2,1
"Costa Rica",90,8,7,5,3,2,2
"Colombia",90,9,7,7,4,3,1
"Iran",90,9,6,6,5,1,2
"Panama",90,9,4,4,3,1,3
"Chile",90,10,9,6,1,5,1
"Portugal",90,10,4,6,4,2,2
"Wales",90,11,4,6,3,3,1
"Uruguay",90,11,4,5,5,0,2
"Uzbekistan",90,11,4,4,4,0,3
"Ecuador",90,12,7,4,0,4,1
"Algeria",90,12,6,6,4,2,2
"Qatar",91,1,9,9,3,6,1
"Morocco",91,1,4,3,5,-2,2
"Denmark",91,1,3,5,5,0,3
"Iran",91,2,5,2,1,1,1
"Colombia",91,2,4,5,5,0,2
"Mexico",91,2,4,1,3,-2,3
"Ecuador",91,3,4,6,5,1,1
"Algeria",91,3,4,4,4,0,2
"Canada",91,3,4,2,2,0,3
"Spain",91,4,7,5,1,4,1
"Jamaica",91,4,6,4,3,1,2
"Uzbekistan",91,4,4,4,4,0,3
"Senegal",91,5,5,2,0,2,1
"Australia",91,5,4,2,2,0,2
"Haiti",91,5,4,4,5,-1,3
"Japan",91,6,5,6,2,4,1
"Tunisia",91,6,5,5,3,2,2
"Costa Rica",91,6,3,2,2,0,3
"Saudi Arabia",91,7,9,8,1,7,1
"Brazil",91,7,6,6,5,1,2
"Korea Republic",91,8,7,5,1,4,1
"Chile",91,8,4,3,4,-1,2
"Ghana",91,9,9,7,1,6,1
"Wales",91,9,3,4,3,1,2
"Germany",91,10,6,4,4,0,1
"England",91,10,4,4,3,1,2
"New Zealand",91,10,4,3,3,0,3
"Switzerland",91,11,6,6,4,2,1
"Belgium",91,11,6,4,4,0,2
"South Africa",91,11,3,3,3,0,3
"Egypt",91,12,7,7,1,6,1
"Jordan",91,12,5,4,2,2,2
"Norway",92,1,4,4,3,1,1
"Austria",92,1,4,3,3,0,2
"Austria",92,1,4,3,3,0,3
"Wales",92,2,6,4,2,2,1
"Ghana",92,2,4,3,2,1,2
"Japan",92,2,4,1,2,-1,3
"Cameroon",92,3,7,3,0,3,1
"Canada",92,3,4,3,3,0,2
"Uzbekistan",92,4,7,7,4,3,1
"Tunisia",92,4,4,5,8,-3,2
"England",92,4,3,7,7,0,3
"Argentina",92,5,6,4,3,1,1
"Nigeria",92,5,6,2,1,1,2
"Croatia",92,5,3,3,3,0,3
"Costa Rica",92,6,5,3,1,2,1
"Denmark",92,6,5,3,1,2,2
"Uruguay",92,6,3,3,3,0,3
"New Zealand",92,7,9,5,2,3,1
"Iran",92,7,2,4,5,-1,2
"Panama",92,8,7,4,1,3,1
"Korea Republic",92,8,6,5,3,2,2
"Senegal",92,9,6,5,3,2,1
"Saudi Arabia",92,9,6,4,4,0,2
"Poland",92,10,6,6,4,2,1
"Ecuador",92,10,6,4,3,1,2
"Morocco",92,10,6,4,4,0,3
"Germany",92,11,6,7,3,4,1
"Egypt",92,11,5,5,4,1,2
"Jordan",92,11,4,6,6,0,3
"Netherlands",92,12,6,3,1,2,1
"Italy",92,12,5,4,3,1,2
"Qatar",92,12,4,2,3,-1,3
"United States",93,1,7,5,3,2,1
"Switzerland",93,1,4,6,5,1,2
"Ecuador",93,1,4,4,4,0,3
"Chile",93,2,7,8,3,5,1
"Mexico",93,2,4,6,4,2,2
"Iran",93,2,4,2,5,-3,3
"Senegal",93,3,6,5,2,3,1
"Korea Republic",93,3,6,2,2,0,2
"Brazil",93,4,7,5,2,3,1
"Norway",93,4,4,3,3,0,2
"Austria",93,4,3,3,3,0,3
"Paraguay",93,5,9,10,3,7,1
"Uzbekistan",93,5,6,5,3,2,2
"Netherlands",93,6,6,6,4,2,1
"Haiti",93,6,4,4,4,0,2
"Portugal",93,6,4,7,8,-1,3
"Saudi Arabia",93,7,7,7,2,5,1
"Algeria",93,7,4,6,4,2,2
"Argentina",93,7,4,3,5,-2,3
"Tunisia",93,8,9,8,1,7,1
"Costa Rica",93,8,4,2,2,0,2
"Australia",93,8,4,3,5,-2,3
"Croatia",93,9,6,4,2,2,1
"Uruguay",93,9,6,5,4,1,2
"Qatar",93,10,6,5,5,0,1
"Morocco",93,10,4,5,2,3,2
"Colombia",93,10,4,3,5,-2,3
"South Africa",93,11,7,6,3,3,1
"France",93,11,4,4,5,-1,2
"Ghana",93,12,6,3,1,2,1
"Jamaica",93,12,5,3,2,1,2
"Spain",93,12,4,3,3,0,3
"Australia",94,1,6,5,4,1,1
"United States",94,1,4,6,4,2,2
"Ecuador",94,1,4,6,5,1,3
"Korea Republic",94,2,6,6,5,1,1
"Mexico",94,2,4,4,2,2,2
"Senegal",94,2,4,4,4,0,3
"Egypt",94,3,7,4,1,3,1
"Croatia",94,3,4,4,4,0,2
"Canada",94,3,4,3,4,-1,3
"Jordan",94,4,7,5,1,4,1
"Tunisia",94,4,4,5,5,0,2
"Jamaica",94,4,4,4,4,0,3
"Wales",94,5,9,7,2,5,1
"Costa Rica",94,5,6,6,5,1,2
"Haiti",94,6,7,6,3,3,1
"Brazil",94,6,5,6,4,2,2
"Japan",94,7,6,8,5,3,1
"Spain",94,7,5,4,3,1,2
"Colombia",94,7,4,3,5,-2,3
"Poland",94,8,7,4,1,3,1
"Cameroon",94,8,5,3,2,1,2
"Algeria",94,9,6,7,4,3,1
"Chile",94,9,6,6,4,2,2
"Uzbekistan",94,9,6,5,3,2,3
"Iran",94,10,7,4,2,2,1
"Portugal",94,10,5,4,3,1,2
"South Africa",94,10,4,4,3,1,3
"England",94,11,7,5,3,2,1
"Scotland",94,11,4,3,2,1,2
"Paraguay",94,12,5,4,3,1,1
"Ghana",94,12,5,3,2,1,2
"Belgium",94,12,4,4,2,2,3
"Tunisia",95,1,7,8,4,4,1
"Jordan",95,1,5,8,5,3,2
"United States",95,1,4,5,5,0,3
"Uzbekistan",95,2,5,5,2,3,1
"Mexico",95,2,4,4,3,1,2
"Algeria",95,2,4,1,2,-1,3
"Canada",95,3,5,5,2,3,1
"Ecuador",95,3,5,4,2,2,2
"Norway",95,3,5,3,2,1,3
"Jamaica",95,4,7,5,3,2,1
"Wales",95,4,4,4,4,0,2
"Netherlands",95,5,7,4,1,3,1
"Korea Republic",95,5,4,6,5,1,2
"Paraguay",95,6,6,6,4,2,1
"Haiti",95,6,6,4,3,1,2
"France",95,6,4,4,4,0,3
"Germany",95,7,6,6,3,3,1
"New Zealand",95,7,6,4,3,1,2
"Morocco",95,7,6,3,3,0,3
"Panama",95,8,7,5,2,3,1
"Nigeria",95,8,6,4,1,3,2
"South Africa",95,9,6,5,5,0,1
"Belgium",95,9,4,4,3,1,2
"Iran",95,9,4,4,3,1,3
"Croatia",95,10,7,8,4,4,1
"Australia",95,10,6,4,4,0,2
"Ghana",95,10,4,5,5,0,3
"Switzerland",95,11,6,3,1,2,1
"Argentina",95,11,4,2,1,1,2
"Poland",95,12,6,5,2,3,1
"Portugal",95,12,6,6,5,1,2
"Qatar",95,12,4,5,6,-1,3
"United States",96,1,6,4,1,3,1
"Egypt",96,1,6,3,3,0,2
"Poland",96,1,4,3,3,0,3
"Colombia",96,2,6,5,3,2,1
"Scotland",96,2,4,2,3,-1,2
"Mexico",96,2,4,1,2,-1,3
"Canada",96,3,9,7,2,5,1
"Australia",96,3,3,3,2,1,2
"England",96,4,7,4,2,2,1
"Korea Republic",96,4,4,3,6,-3,2
"Denmark",96,4,3,6,5,1,3
"Norway",96,5,7,4,0,4,1
"Belgium",96,5,4,2,2,0,2
"Uzbekistan",96,5,3,0,0,0,3
"Japan",96,6,7,6,1,5,1
"Tunisia",96,6,6,6,2,4,2
"Algeria",96,7,7,4,1,3,1
"Wales",96,7,6,3,3,0,2
"Senegal",96,8,6,5,1,4,1
"Portugal",96,8,6,4,2,2,2
"Paraguay",96,8,4,2,4,-2,3
"Jordan",96,9,7,8,3,5,1
"Nigeria",96,9,7,8,4,4,2
"Jamaica",96,10,5,1,0,1,1
"Cameroon",96,10,4,6,5,1,2
"Argentina",96,10,4,2,3,-1,3
"Italy",96,11,5,2,1,1,1
"Morocco",96,11,3,4,4,0,2
"Panama",96,11,3,3,3,0,3
"South Africa",96,12,7,5,0,5,1
"Chile",96,12,7,4,2,2,2
"Spain",96,12,3,3,4,-1,3
"Algeria",97,1,6,4,1,3,1
"Uzbekistan",97,1,4,5,4,1,2
"United States",97,1,4,4,4,0,3
"Wales",97,2,6,8,6,2,1
"New Zealand",97,2,4,7,7,0,2
"Mexico",97,2,4,3,4,-1,3
"Scotland",97,3,6,7,2,5,1
"Switzerland",97,3,4,1,1,0,2
"Canada",97,3,4,2,3,-1,3
"Qatar",97,4,9,4,0,4,1
"Jamaica",97,4,4,2,2,0,2
"Iran",97,5,7,3,1,2,1
"Haiti",97,5,6,5,3,2,2
"Norway",97,6,6,5,5,0,1
"England",97,6,4,3,2,1,2
"Costa Rica",97,6,4,4,5,-1,3
"Brazil",97,7,7,5,2,3,1
"Australia",97,7,5,3,2,1,2
"Colombia",97,8,6,4,2,2,1
"France",97,8,4,3,3,0,2
"Korea Republic",97,8,4,3,4,-1,3
"Japan",97,9,5,2,1,1,1
"Uruguay",97,9,4,6,5,1,2
"Austria",97,9,4,2,3,-1,3
"Jordan",97,10,7,5,3,2,1
"Portugal",97,10,6,6,4,2,2
"Paraguay",97,10,3,5,4,1,3
"Germany",97,11,7,4,2,2,1
"Spain",97,11,4,2,2,0,2
"Saudi Arabia",97,11,3,2,2,0,3
"Nigeria",97,12,7,6,2,4,1
"Italy",97,12,6,4,3,1,2
"United States",98,1,9,6,3,3,1
"Scotland",98,1,4,3,2,1,2
"Denmark",98,1,3,4,4,0,3
"Austria",98,2,6,6,4,2,1
"Morocco",98,2,6,6,4,2,2
"Ghana",98,3,7,7,1,6,1
"Korea Republic",98,3,5,2,1,1,2
"Panama",98,4,6,6,4,2,1
"Switzerland",98,4,6,6,4,2,2
"Brazil",98,4,4,4,5,-1,3
"Costa Rica",98,5,6,5,2,3,1
"Japan",98,5,6,3,3,0,2
"Netherlands",98,5,3,4,4,0,3
"Uruguay",98,6,7,5,3,2,1
"Iran",98,6,7,4,2,2,2
"Wales",98,7,6,4,3,1,1
"Belgium",98,7,4,4,2,2,2
"Australia",98,7,4,3,3,0,3
"Croatia",98,8,5,5,4,1,1
"Qatar",98,8,4,3,3,0,2
"Paraguay",98,9,6,7,3,4,1
"Spain",98,9,6,6,7,-1,2
"Germany",98,9,4,3,3,0,3
"Colombia",98,10,7,3,1,2,1
"Egypt",98,10,6,5,1,4,2
"Portugal",98,10,4,3,4,-1,3
"Ecuador",98,11,7,8,2,6,1
"Norway",98,11,6,4,6,-2,2
"Poland",98,11,4,4,4,0,3
"Tunisia",98,12,5,5,3,2,1
"Italy",98,12,4,3,3,0,2
"Jordan",98,12,4,4,5,-1,3
"Tunisia",99,1,5,3,2,1,1
"Australia",99,1,4,2,2,0,2
"Australia",99,1,4,2,2,0,3
"Mexico",99,2,7,6,3,3,1
"Saudi Arabia",99,2,6,7,3,4,2
"Colombia",99,2,4,3,5,-2,3
"Uzbekistan",99,3,7,6,4,2,1
"Norway",99,3,5,6,5,1,2
"Canada",99,3,4,7,6,1,3
"Jamaica",99,4,7,4,1,3,1
"South Africa",99,4,6,4,3,1,2
"Austria",99,4,4,3,3,0,3
"Uruguay",99,5,7,6,1,5,1
"Nigeria",99,5,4,4,5,-1,2
"Ecuador",99,6,6,4,4,0,1
"Morocco",99,6,5,3,0,3,2
"Germany",99,6,4,3,3,0,3
"Argentina",99,7,6,4,2,2,1
"Senegal",99,7,6,2,1,1,2
"Denmark",99,8,7,7,4,3,1
"Algeria",99,8,4,5,5,0,2
"Scotland",99,9,9,4,0,4,1
"Poland",99,9,4,4,4,0,2
"Croatia",99,10,7,4,2,2,1
"Italy",99,10,7,4,2,2,2
"Costa Rica",99,10,3,4,3,1,3
"Ghana",99,11,7,7,2,5,1
"Switzerland",99,11,4,4,4,0,2
"Japan",99,11,4,3,6,-3,3
"Panama",99,12,6,2,1,1,1
"Netherlands",99,12,5,1,0,1,2
"Paraguay",99,12,4,3,1,2,3
"Japan",100,1,9,7,2,5,1
"South Africa",100,1,4,2,2,0,2
"South Africa",100,1,4,2,2,0,3
"Australia",100,2,9,9,2,7,1
"New Zealand",100,2,4,4,7,-3,2
"Tunisia",100,2,3,5,7,-2,3
"Colombia",100,3,6,6,4,2,1
"Iran",100,3,6,4,3,1,2
"Cameroon",100,3,3,4,4,0,3
"Algeria",100,4,9,6,3,3,1
"Panama",100,4,4,3,1,2,2
"Jamaica",100,5,5,2,1,1,1
"Uzbekistan",100,5,4,3,2,1,2
"Croatia",100,5,3,3,3,0,3
"Haiti",100,6,6,5,1,4,1
"Spain",100,6,6,3,4,-1,2
"Senegal",100,6,4,3,3,0,3
"Egypt",100,7,7,4,1,3,1
"Netherlands",100,7,6,5,3,2,2
"Portugal",100,8,6,4,4,0,1
"Paraguay",100,8,4,4,4,0,2
"Saudi Arabia",100,8,4,1,1,0,3
"Nigeria",100,9,9,6,0,6,1
"Poland",100,9,4,2,2,0,2
"Norway",100,10,7,7,4,3,1
"France",100,10,6,4,3,1,2
"Qatar",100,10,4,7,6,1,3
"Jordan",100,11,6,8,2,6,1
"Morocco",100,11,6,4,2,2,2
"Ghana",100,12,9,7,2,5,1
"Chile",100,12,4,2,3,-1,2
"Scotland",100,12,3,4,5,-1,3
